-- phpMyAdmin SQL Dump
-- version 5.2.1
-- https://www.phpmyadmin.net/
--
-- Host: localhost
-- Generation Time: Mar 09, 2025 at 11:55 PM
-- Server version: 10.4.32-MariaDB
-- PHP Version: 8.2.12

SET SQL_MODE = "NO_AUTO_VALUE_ON_ZERO";
START TRANSACTION;
SET time_zone = "+00:00";


/*!40101 SET @OLD_CHARACTER_SET_CLIENT=@@CHARACTER_SET_CLIENT */;
/*!40101 SET @OLD_CHARACTER_SET_RESULTS=@@CHARACTER_SET_RESULTS */;
/*!40101 SET @OLD_COLLATION_CONNECTION=@@COLLATION_CONNECTION */;
/*!40101 SET NAMES utf8mb4 */;

--
-- Database: `schoop`
--

-- --------------------------------------------------------

--
-- Table structure for table `grades`
--

CREATE TABLE `grades` (
  `GradeID` int(11) NOT NULL,
  `LRN` char(12) NOT NULL,
  `TeacherID` char(7) NOT NULL,
  `SubjectID` int(11) NOT NULL,
  `Grade` enum('11','12') NOT NULL,
  `quarter` enum('Q1','Q2','Q3','Q4') NOT NULL,
  `ww1` decimal(5,2) DEFAULT NULL,
  `ww2` decimal(5,2) DEFAULT NULL,
  `ww3` decimal(5,2) DEFAULT NULL,
  `ww4` decimal(5,2) DEFAULT NULL,
  `qz1` decimal(5,2) DEFAULT NULL,
  `qz2` decimal(5,2) DEFAULT NULL,
  `qz3` decimal(5,2) DEFAULT NULL,
  `qz4` decimal(5,2) DEFAULT NULL,
  `ww_qz_average` decimal(5,2) DEFAULT NULL,
  `pt1` decimal(5,2) DEFAULT NULL,
  `pt2` decimal(5,2) DEFAULT NULL,
  `pt3` decimal(5,2) DEFAULT NULL,
  `pt4` decimal(5,2) DEFAULT NULL,
  `pt_average` decimal(5,2) DEFAULT NULL,
  `qa` decimal(5,2) DEFAULT NULL,
  `quarter_grade` decimal(5,2) DEFAULT NULL,
  `SchoolYear` varchar(9) NOT NULL DEFAULT '2024-2025'
) ENGINE=InnoDB DEFAULT CHARSET=utf8mb4 COLLATE=utf8mb4_general_ci;

--
-- Dumping data for table `grades`
--

INSERT INTO `grades` (`GradeID`, `LRN`, `TeacherID`, `SubjectID`, `Grade`, `quarter`, `ww1`, `ww2`, `ww3`, `ww4`, `qz1`, `qz2`, `qz3`, `qz4`, `ww_qz_average`, `pt1`, `pt2`, `pt3`, `pt4`, `pt_average`, `qa`, `quarter_grade`, `SchoolYear`) VALUES
(1, '401726150119', '8364721', 16, '11', 'Q1', 95.00, 99.00, 91.00, 100.00, 85.00, 86.00, 96.00, 80.00, 91.50, 96.00, 97.00, 95.00, 84.00, 93.00, 92.00, 93.00, '2023-2024'),
(10, '401726150119', '8364721', 16, '11', 'Q2', 99.00, 83.00, 80.00, 92.00, 98.00, 95.00, 100.00, 96.00, 92.88, 98.00, 83.00, 82.00, 81.00, 86.00, 90.00, 88.00, '2023-2024'),
(11, '401726150119', '8364721', 16, '11', 'Q3', 91.00, 99.00, 100.00, 81.00, 88.00, 99.00, 86.00, 97.00, 92.63, 83.00, 87.00, 84.00, 100.00, 88.50, 74.00, 86.00, '2023-2024'),
(12, '401726150119', '8364721', 16, '11', 'Q4', 85.00, 88.00, 87.00, 92.00, 96.00, 83.00, 88.00, 92.00, 88.88, 97.00, 87.00, 87.00, 94.00, 91.25, 80.00, 89.00, '2023-2024'),
(13, '401726150119', '8364721', 16, '12', 'Q1', 83.00, 83.00, 83.00, 88.00, 89.00, 83.00, 87.00, 87.00, 85.38, 95.00, 94.00, 81.00, 88.00, 89.50, 78.00, 86.00, '2024-2025'),
(14, '401726150119', '8364721', 16, '12', 'Q2', 93.00, 88.00, 80.00, 100.00, 95.00, 97.00, 99.00, 81.00, 91.63, 94.00, 84.00, 80.00, 90.00, 87.00, 90.00, 89.00, '2024-2025'),
(15, '401726150119', '8364721', 16, '12', 'Q3', NULL, 81.00, 96.00, 96.00, 90.00, 85.00, 94.00, 93.00, 79.38, 82.00, 94.00, 82.00, 89.00, 86.75, 80.00, 84.00, '2024-2025'),
(23, '889900112233', '1000012', 30, '12', 'Q3', 96.00, 90.00, 96.00, 99.00, 97.00, 90.00, 92.00, 92.00, 94.00, 93.00, 92.00, 92.00, 95.00, 93.00, 68.00, 88.00, '2024-2025'),
(24, '100122334455', '1000013', 29, '12', 'Q3', 99.00, 95.00, 90.00, 99.00, 93.00, 92.00, 89.00, 91.00, 93.50, 90.00, 90.00, 90.00, 90.00, 90.00, 78.00, 88.00, '2024-2025'),
(25, '667788990011', '1000035', 39, '12', 'Q3', 93.00, 94.00, 92.00, 90.00, 97.00, 94.00, 89.00, 99.00, 93.50, 93.00, 92.00, 93.00, 89.00, 91.75, 92.00, 92.00, '2024-2025'),
(29, '990011223344', '1000017', 14, '12', 'Q3', 99.00, 93.00, 89.00, 98.00, 93.00, 93.00, 97.00, 96.00, 94.75, 98.00, 94.00, 97.00, 95.00, 96.00, 82.00, 92.00, '2024-2025'),
(31, '990011223344', '1000013', 29, '12', 'Q3', 91.00, 91.00, 94.00, 99.00, 89.00, 94.00, 92.00, 89.00, 92.38, 91.00, 90.00, 98.00, 89.00, 92.00, 78.00, 89.00, '2024-2025'),
(33, '100122334455', '1000012', 30, '12', 'Q3', 92.00, 99.00, 97.00, 99.00, 93.00, 92.00, 93.00, 90.00, 94.38, 94.00, 99.00, 92.00, 96.00, 95.25, 84.00, 93.00, '2024-2025'),
(37, '778899001122', '1000012', 30, '12', 'Q3', 91.00, 92.00, 98.00, 92.00, 90.00, 97.00, 91.00, 89.00, 92.50, 93.00, 90.00, 90.00, 93.00, 91.50, 84.00, 90.00, '2024-2025'),
(38, '889900112233', '1000016', 26, '12', 'Q3', 94.00, 97.00, 90.00, 95.00, 94.00, 97.00, 92.00, 93.00, 94.00, 97.00, 98.00, 99.00, 92.00, 96.50, 72.00, 91.00, '2024-2025'),
(40, '778899001122', '8364721', 16, '12', 'Q3', 92.00, 95.00, 99.00, 90.00, 96.00, 89.00, 91.00, 97.00, 93.63, 94.00, 90.00, 99.00, 94.00, 94.25, 86.00, 92.00, '2024-2025'),
(43, '990011223344', '1000016', 26, '12', 'Q3', 92.00, 96.00, 91.00, 92.00, 96.00, 93.00, 99.00, 97.00, 94.50, 90.00, 89.00, 99.00, 97.00, 93.75, 74.00, 90.00, '2024-2025'),
(44, '990011223344', '1000012', 30, '12', 'Q3', 96.00, 94.00, 91.00, 95.00, 93.00, 93.00, 94.00, 93.00, 93.63, 96.00, 89.00, 91.00, 99.00, 93.75, 98.00, 95.00, '2024-2025'),
(48, '990011223344', '1000035', 39, '12', 'Q3', 97.00, 95.00, 97.00, 89.00, 97.00, 99.00, 95.00, 97.00, 95.75, 89.00, 99.00, 94.00, 99.00, 95.25, 90.00, 94.00, '2024-2025'),
(49, '100122334455', '8364721', 16, '12', 'Q3', 91.00, 96.00, 99.00, 95.00, 89.00, 95.00, 99.00, 98.00, 95.25, 94.00, 98.00, 98.00, 94.00, 96.00, 98.00, 96.00, '2024-2025'),
(52, '401726150119', '1000016', 26, '12', 'Q3', 97.00, 93.00, 99.00, 91.00, 93.00, 92.00, 94.00, 92.00, 93.88, 92.00, 96.00, 94.00, 95.00, 94.25, 76.00, 91.00, '2024-2025'),
(53, '889900112233', '1000035', 39, '12', 'Q3', 89.00, 99.00, 93.00, 93.00, 96.00, 92.00, 92.00, 98.00, 94.00, 93.00, 92.00, 94.00, 95.00, 93.50, 72.00, 89.00, '2024-2025'),
(55, '667788990011', '1000017', 14, '12', 'Q3', 89.00, 94.00, 95.00, 93.00, 91.00, 89.00, 93.00, 89.00, 91.63, 98.00, 89.00, 98.00, 90.00, 93.75, 74.00, 88.00, '2024-2025'),
(57, '401726150119', '1000017', 14, '12', 'Q3', 90.00, 99.00, 91.00, 91.00, 94.00, 99.00, 92.00, 97.00, 94.13, 99.00, 94.00, 96.00, 98.00, 96.75, 96.00, 96.00, '2024-2025'),
(64, '667788990011', '1000016', 26, '12', 'Q3', 94.00, 94.00, 90.00, 89.00, 89.00, 97.00, 98.00, 89.00, 92.50, 96.00, 93.00, 96.00, 93.00, 94.50, 74.00, 90.00, '2024-2025'),
(67, '667788990011', '1000013', 29, '12', 'Q3', 97.00, 96.00, 92.00, 93.00, 90.00, 95.00, 95.00, 90.00, 93.50, 96.00, 92.00, 91.00, 92.00, 92.75, 62.00, 87.00, '2024-2025'),
(71, '778899001122', '1000013', 29, '12', 'Q3', 98.00, 90.00, 99.00, 92.00, 99.00, 97.00, 90.00, 92.00, 94.63, 99.00, 99.00, 98.00, 93.00, 97.25, 72.00, 92.00, '2024-2025'),
(72, '889900112233', '1000017', 14, '12', 'Q3', 93.00, 99.00, 92.00, 96.00, 94.00, 96.00, 95.00, 90.00, 94.38, 97.00, 95.00, 93.00, 95.00, 95.00, 74.00, 90.00, '2024-2025'),
(77, '778899001122', '1000035', 39, '12', 'Q3', 93.00, 95.00, 95.00, 90.00, 90.00, 89.00, 99.00, 94.00, 93.13, 97.00, 91.00, 97.00, 92.00, 94.25, 60.00, 87.00, '2024-2025'),
(78, '889900112233', '1000013', 29, '12', 'Q3', 89.00, 89.00, 98.00, 91.00, 96.00, 96.00, 94.00, 91.00, 93.00, 95.00, 92.00, 96.00, 94.00, 94.25, 94.00, 94.00, '2024-2025'),
(80, '990011223344', '8364721', 16, '12', 'Q3', 93.00, 96.00, 89.00, 91.00, 90.00, 97.00, 95.00, 95.00, 93.25, 92.00, 96.00, 94.00, 95.00, 94.25, 68.00, 89.00, '2024-2025'),
(81, '401726150119', '1000013', 29, '12', 'Q3', 93.00, 95.00, 96.00, 96.00, 93.00, 89.00, 89.00, 99.00, 93.75, 94.00, 98.00, 99.00, 99.00, 97.50, 82.00, 94.00, '2024-2025'),
(82, '667788990011', '1000002', 16, '12', 'Q3', 90.00, 91.00, 97.00, 90.00, 92.00, 89.00, 93.00, 89.00, 91.38, 99.00, 96.00, 92.00, 96.00, 95.75, 70.00, 90.00, '2024-2025'),
(83, '100122334455', '1000035', 39, '12', 'Q3', 91.00, 95.00, 92.00, 98.00, 91.00, 97.00, 89.00, 97.00, 93.75, 89.00, 95.00, 99.00, 97.00, 95.00, 84.00, 93.00, '2024-2025'),
(84, '401726150119', '1000012', 30, '12', 'Q3', 89.00, 96.00, 91.00, 99.00, 90.00, 89.00, 95.00, 89.00, 92.25, 90.00, 98.00, 96.00, 89.00, 93.25, 68.00, 88.00, '2024-2025'),
(86, '100122334455', '1000017', 14, '12', 'Q3', 96.00, 95.00, 99.00, 98.00, 95.00, 94.00, 93.00, 98.00, 96.00, 89.00, 93.00, 90.00, 91.00, 90.75, 74.00, 88.00, '2024-2025'),
(89, '778899001122', '1000016', 26, '12', 'Q3', 95.00, 91.00, 91.00, 94.00, 98.00, 99.00, 91.00, 89.00, 93.50, 97.00, 95.00, 95.00, 93.00, 95.00, 64.00, 89.00, '2024-2025'),
(90, '100122334455', '1000016', 26, '12', 'Q3', 99.00, 98.00, 94.00, 97.00, 93.00, 97.00, 97.00, 93.00, 96.00, 95.00, 96.00, 99.00, 93.00, 95.75, 84.00, 93.00, '2024-2025'),
(93, '778899001122', '1000017', 14, '12', 'Q3', 97.00, 91.00, 96.00, 98.00, 89.00, 97.00, 95.00, 95.00, 94.75, 90.00, 89.00, 97.00, 98.00, 93.50, 84.00, 91.00, '2024-2025'),
(94, '889900112233', '8364721', 16, '12', 'Q3', 95.00, 90.00, 99.00, 90.00, 89.00, 98.00, 99.00, 93.00, 94.13, 89.00, 98.00, 93.00, 93.00, 93.25, 70.00, 89.00, '2024-2025'),
(96, '667788990011', '1000012', 30, '12', 'Q3', 94.00, 94.00, 98.00, 97.00, 93.00, 97.00, 94.00, 92.00, 94.88, 91.00, 98.00, 99.00, 99.00, 96.75, 76.00, 92.00, '2024-2025'),
(146, '667788990011', '1000007', 20, '11', 'Q2', 91.00, 89.00, 94.00, 91.00, 95.00, 92.00, 96.00, 96.00, 93.00, 92.00, 93.00, 89.00, 90.00, 91.00, 72.00, 88.00, '2023-2024'),
(147, '316472958031', '1000034', 31, '11', 'Q3', 98.00, 89.00, 94.00, 94.00, 99.00, 90.00, 89.00, 97.00, 93.75, 95.00, 95.00, 90.00, 97.00, 94.25, 70.00, 87.00, '2024-2025'),
(148, '990011223344', '1000008', 8, '11', 'Q4', 92.00, 99.00, 96.00, 94.00, 96.00, 97.00, 97.00, 95.00, 95.75, 96.00, 97.00, 96.00, 89.00, 94.50, 82.00, 92.00, '2023-2024'),
(149, '889900112233', '1000007', 20, '11', 'Q2', 98.00, 95.00, 89.00, 96.00, 91.00, 91.00, 91.00, 95.00, 93.25, 91.00, 92.00, 98.00, 93.00, 93.50, 94.00, 94.00, '2023-2024'),
(151, '990011223344', '1000015', 54, '12', 'Q2', 97.00, 99.00, 93.00, 91.00, 98.00, 98.00, 94.00, 99.00, 96.13, 90.00, 99.00, 93.00, 99.00, 95.25, 88.00, 94.00, '2024-2025'),
(152, '556677889900', '1000034', 22, '11', 'Q4', 93.00, 91.00, 98.00, 94.00, 90.00, 90.00, 90.00, 92.00, 92.25, 90.00, 98.00, 89.00, 93.00, 92.50, 98.00, 94.00, '2023-2024'),
(153, '778899001122', '1000005', 3, '11', 'Q2', 97.00, 94.00, 90.00, 92.00, 92.00, 92.00, 97.00, 98.00, 94.00, 89.00, 95.00, 89.00, 91.00, 91.00, 86.00, 91.00, '2023-2024'),
(154, '667788990011', '1000017', 12, '12', 'Q2', 92.00, 91.00, 92.00, 95.00, 90.00, 89.00, 97.00, 96.00, 92.75, 91.00, 98.00, 95.00, 92.00, 94.00, 80.00, 90.00, '2024-2025'),
(156, '593720468251', '1000022', 32, '11', 'Q3', 90.00, 91.00, 95.00, 94.00, 94.00, 89.00, 96.00, 92.00, 92.63, 94.00, 93.00, 96.00, 90.00, 93.25, 78.00, 90.00, '2024-2025'),
(158, '889900112233', '1000005', 9, '11', 'Q4', 90.00, 94.00, 92.00, 98.00, 94.00, 97.00, 93.00, 99.00, 94.63, 91.00, 94.00, 98.00, 97.00, 95.00, 94.00, 95.00, '2023-2024'),
(159, '643821509274', '1000013', 52, '12', 'Q3', 89.00, 96.00, 93.00, 98.00, 90.00, 89.00, 98.00, 99.00, 94.00, 94.00, 93.00, 96.00, 91.00, 93.50, 96.00, 94.00, '2024-2025'),
(160, '112233445566', '1000034', 22, '11', 'Q4', 93.00, 93.00, 97.00, 98.00, 97.00, 92.00, 92.00, 95.00, 94.63, 98.00, 96.00, 97.00, 97.00, 97.00, 98.00, 97.00, '2023-2024'),
(162, '549372186024', '8364721', 53, '12', 'Q1', 94.00, 91.00, 93.00, 93.00, 99.00, 93.00, 91.00, 89.00, 92.88, 95.00, 98.00, 95.00, 93.00, 95.25, 64.00, 85.00, '2024-2025'),
(163, '667788990011', '1000008', 2, '11', 'Q1', 96.00, 92.00, 94.00, 95.00, 91.00, 96.00, 93.00, 91.00, 93.50, 97.00, 92.00, 91.00, 92.00, 93.00, 86.00, 91.00, '2023-2024'),
(165, '549372186024', '1000034', 34, '12', 'Q1', 89.00, 90.00, 94.00, 92.00, 98.00, 93.00, 94.00, 91.00, 92.63, 94.00, 99.00, 90.00, 99.00, 95.50, 62.00, 85.00, '2024-2025'),
(168, '667788990011', '1000011', 32, '11', 'Q3', 94.00, 91.00, 94.00, 96.00, 90.00, 97.00, 90.00, 95.00, 93.38, 95.00, 89.00, 92.00, 94.00, 92.50, 70.00, 88.00, '2023-2024'),
(169, '556677889900', '1000022', 32, '11', 'Q4', 97.00, 97.00, 94.00, 89.00, 97.00, 96.00, 91.00, 98.00, 94.88, 96.00, 97.00, 97.00, 97.00, 96.75, 66.00, 90.00, '2023-2024'),
(170, '234567890123', '1000022', 32, '11', 'Q3', 94.00, 98.00, 98.00, 97.00, 89.00, 89.00, 91.00, 98.00, 94.25, 96.00, 97.00, 99.00, 92.00, 96.00, 64.00, 89.00, '2024-2025'),
(171, '845329710584', '1000034', 37, '12', 'Q1', 96.00, 93.00, 97.00, 97.00, 94.00, 92.00, 89.00, 93.00, 93.88, 96.00, 90.00, 97.00, 93.00, 94.00, 60.00, 87.00, '2024-2025'),
(173, '100122334455', '1000007', 11, '11', 'Q3', 97.00, 89.00, 99.00, 96.00, 96.00, 90.00, 96.00, 90.00, 94.13, 96.00, 89.00, 89.00, 89.00, 90.75, 92.00, 92.00, '2023-2024'),
(174, '100122334455', '1000004', 7, '11', 'Q4', 91.00, 98.00, 95.00, 91.00, 96.00, 93.00, 91.00, 99.00, 94.25, 90.00, 94.00, 93.00, 92.00, 92.25, 96.00, 94.00, '2023-2024'),
(178, '401726150119', '1000024', 36, '11', 'Q4', 94.00, 96.00, 89.00, 90.00, 95.00, 93.00, 91.00, 99.00, 93.38, 91.00, 91.00, 94.00, 95.00, 92.75, 66.00, 88.00, '2023-2024'),
(179, '778899001122', '1000015', 54, '12', 'Q2', 90.00, 89.00, 97.00, 94.00, 92.00, 89.00, 92.00, 94.00, 92.13, 95.00, 94.00, 97.00, 94.00, 95.00, 66.00, 89.00, '2024-2025'),
(182, '100122334455', '1000006', 4, '11', 'Q2', 90.00, 98.00, 97.00, 92.00, 93.00, 90.00, 93.00, 97.00, 93.75, 95.00, 94.00, 96.00, 90.00, 93.75, 70.00, 88.00, '2023-2024'),
(183, '549372186024', '1000034', 34, '12', 'Q2', 97.00, 97.00, 94.00, 93.00, 92.00, 92.00, 95.00, 91.00, 93.88, 93.00, 90.00, 96.00, 89.00, 92.00, 96.00, 94.00, '2024-2025'),
(185, '567890123456', '1000022', 32, '11', 'Q3', 95.00, 91.00, 93.00, 94.00, 99.00, 94.00, 95.00, 91.00, 94.00, 96.00, 93.00, 91.00, 96.00, 94.00, 86.00, 92.00, '2024-2025'),
(188, '890123456789', '1000038', 36, '11', 'Q3', 98.00, 96.00, 99.00, 96.00, 93.00, 99.00, 97.00, 99.00, 97.13, 91.00, 93.00, 94.00, 90.00, 92.00, 84.00, 91.00, '2023-2024'),
(189, '990011223344', '1000005', 9, '11', 'Q3', 96.00, 99.00, 96.00, 95.00, 99.00, 97.00, 91.00, 96.00, 96.13, 97.00, 98.00, 98.00, 97.00, 97.50, 66.00, 89.00, '2023-2024'),
(191, '401726150119', '1000008', 8, '11', 'Q3', 94.00, 96.00, 98.00, 92.00, 97.00, 90.00, 93.00, 94.00, 94.25, 92.00, 90.00, 97.00, 91.00, 92.50, 98.00, 94.00, '2023-2024'),
(196, '990011223344', '1000006', 10, '11', 'Q4', 96.00, 99.00, 96.00, 97.00, 94.00, 93.00, 93.00, 99.00, 95.88, 92.00, 98.00, 93.00, 94.00, 94.25, 76.00, 90.00, '2023-2024'),
(197, '112233445566', '1000034', 37, '12', 'Q2', 99.00, 98.00, 93.00, 94.00, 90.00, 91.00, 98.00, 97.00, 95.00, 89.00, 98.00, 92.00, 89.00, 92.00, 68.00, 88.00, '2024-2025'),
(198, '990011223344', '1000007', 20, '11', 'Q1', 89.00, 94.00, 92.00, 89.00, 93.00, 98.00, 89.00, 95.00, 92.38, 89.00, 93.00, 97.00, 94.00, 93.25, 86.00, 92.00, '2023-2024'),
(200, '845329710584', '1000034', 22, '11', 'Q3', 90.00, 95.00, 97.00, 89.00, 98.00, 92.00, 99.00, 99.00, 94.88, 97.00, 98.00, 91.00, 94.00, 95.00, 94.00, 95.00, '2023-2024'),
(203, '901234567890', '1000038', 32, '11', 'Q4', 93.00, 95.00, 97.00, 99.00, 93.00, 89.00, 91.00, 99.00, 94.50, 91.00, 89.00, 95.00, 96.00, 92.75, 72.00, 89.00, '2023-2024'),
(204, '223344556677', '1000030', 38, '12', 'Q2', 95.00, 92.00, 99.00, 96.00, 94.00, 94.00, 98.00, 90.00, 94.75, 97.00, 95.00, 95.00, 92.00, 94.75, 96.00, 95.00, '2024-2025'),
(206, '223344556677', '1000022', 32, '11', 'Q4', 94.00, 95.00, 93.00, 90.00, 94.00, 90.00, 90.00, 93.00, 92.38, 93.00, 98.00, 91.00, 93.00, 93.75, 86.00, 92.00, '2023-2024'),
(207, '678901234567', '1000038', 36, '11', 'Q3', 96.00, 94.00, 92.00, 90.00, 98.00, 98.00, 97.00, 89.00, 94.25, 91.00, 97.00, 91.00, 96.00, 93.75, 80.00, 91.00, '2023-2024'),
(208, '847193620584', '1000034', 31, '11', 'Q4', 92.00, 90.00, 98.00, 98.00, 96.00, 97.00, 98.00, 90.00, 94.88, 99.00, 93.00, 90.00, 95.00, 94.25, 82.00, 91.00, '2024-2025'),
(209, '223344556677', '1000002', 29, '12', 'Q3', 96.00, 93.00, 89.00, 90.00, 91.00, 99.00, 99.00, 99.00, 94.50, 97.00, 99.00, 95.00, 90.00, 95.25, 74.00, 91.00, '2024-2025'),
(210, '890123456789', '1000021', 20, '11', 'Q2', 97.00, 90.00, 90.00, 92.00, 91.00, 92.00, 98.00, 92.00, 92.75, 90.00, 94.00, 90.00, 93.00, 91.75, 64.00, 86.00, '2023-2024'),
(211, '667788990011', '1000005', 9, '11', 'Q3', 91.00, 96.00, 97.00, 95.00, 96.00, 98.00, 89.00, 97.00, 94.88, 96.00, 99.00, 97.00, 89.00, 95.25, 80.00, 91.00, '2023-2024'),
(214, '401726150119', '1000010', 22, '11', 'Q4', 99.00, 90.00, 97.00, 96.00, 99.00, 97.00, 99.00, 94.00, 96.38, 97.00, 91.00, 98.00, 96.00, 95.50, 70.00, 91.00, '2023-2024'),
(216, '990011223344', '1000004', 1, '11', 'Q2', 97.00, 92.00, 91.00, 93.00, 93.00, 96.00, 92.00, 95.00, 93.63, 97.00, 91.00, 96.00, 97.00, 95.25, 88.00, 93.00, '2023-2024'),
(217, '990011223344', '1000009', 6, '11', 'Q2', 90.00, 98.00, 89.00, 97.00, 96.00, 89.00, 90.00, 96.00, 93.13, 89.00, 99.00, 98.00, 91.00, 94.25, 94.00, 94.00, '2023-2024'),
(218, '334455667788', '1000034', 37, '12', 'Q2', 92.00, 96.00, 90.00, 99.00, 91.00, 91.00, 95.00, 91.00, 93.13, 90.00, 91.00, 96.00, 97.00, 93.50, 64.00, 88.00, '2024-2025'),
(220, '990011223344', '1000008', 8, '11', 'Q3', 90.00, 99.00, 93.00, 90.00, 91.00, 99.00, 90.00, 96.00, 93.50, 91.00, 98.00, 97.00, 91.00, 94.25, 60.00, 86.00, '2023-2024'),
(221, '100122334455', '1000010', 22, '11', 'Q3', 90.00, 90.00, 93.00, 94.00, 93.00, 94.00, 90.00, 90.00, 91.75, 91.00, 96.00, 99.00, 97.00, 95.75, 90.00, 94.00, '2023-2024'),
(222, '990011223344', '1000004', 1, '11', 'Q1', 96.00, 91.00, 90.00, 91.00, 94.00, 98.00, 97.00, 94.00, 93.88, 99.00, 93.00, 99.00, 97.00, 97.00, 90.00, 94.00, '2023-2024'),
(223, '100122334455', '1000006', 4, '11', 'Q1', 96.00, 95.00, 99.00, 99.00, 99.00, 99.00, 97.00, 89.00, 96.63, 97.00, 99.00, 90.00, 90.00, 94.00, 78.00, 91.00, '2023-2024'),
(224, '958314720193', '1000013', 52, '12', 'Q3', 99.00, 95.00, 91.00, 89.00, 94.00, 93.00, 94.00, 92.00, 93.38, 92.00, 93.00, 89.00, 99.00, 93.25, 64.00, 85.00, '2024-2025'),
(225, '678901234567', '1000038', 32, '11', 'Q3', 90.00, 92.00, 91.00, 89.00, 96.00, 92.00, 94.00, 93.00, 92.13, 98.00, 97.00, 92.00, 92.00, 94.75, 66.00, 88.00, '2023-2024'),
(226, '100122334455', '1000005', 3, '11', 'Q1', 97.00, 95.00, 94.00, 96.00, 89.00, 90.00, 94.00, 91.00, 93.25, 95.00, 90.00, 90.00, 99.00, 93.50, 78.00, 90.00, '2023-2024'),
(228, '401726150119', '1000007', 11, '11', 'Q4', 97.00, 97.00, 95.00, 98.00, 93.00, 92.00, 93.00, 99.00, 95.50, 96.00, 96.00, 91.00, 91.00, 93.50, 96.00, 95.00, '2023-2024'),
(229, '889900112233', '1000014', 13, '12', 'Q2', 96.00, 89.00, 90.00, 93.00, 96.00, 89.00, 93.00, 96.00, 92.75, 90.00, 99.00, 90.00, 98.00, 94.25, 64.00, 86.00, '2024-2025'),
(231, '778899001122', '1000038', 38, '12', 'Q2', 91.00, 95.00, 92.00, 97.00, 89.00, 99.00, 94.00, 94.00, 93.88, 90.00, 91.00, 96.00, 96.00, 93.25, 90.00, 93.00, '2024-2025'),
(232, '643821509274', '8364721', 53, '12', 'Q1', 89.00, 91.00, 97.00, 93.00, 97.00, 93.00, 97.00, 96.00, 94.13, 89.00, 89.00, 90.00, 93.00, 90.25, 84.00, 89.00, '2024-2025'),
(233, '401726150119', '1000010', 22, '11', 'Q3', 96.00, 95.00, 95.00, 91.00, 93.00, 90.00, 97.00, 92.00, 93.63, 94.00, 92.00, 99.00, 89.00, 93.50, 92.00, 93.00, '2023-2024'),
(235, '778899001122', '1000010', 22, '11', 'Q3', 91.00, 89.00, 94.00, 94.00, 89.00, 96.00, 93.00, 89.00, 91.88, 89.00, 98.00, 93.00, 92.00, 93.00, 68.00, 88.00, '2023-2024'),
(237, '185620937415', '8364721', 53, '12', 'Q2', 98.00, 97.00, 94.00, 90.00, 91.00, 95.00, 90.00, 89.00, 93.00, 98.00, 92.00, 96.00, 96.00, 95.50, 88.00, 93.00, '2024-2025'),
(239, '678901234567', '1000021', 20, '11', 'Q1', 94.00, 99.00, 91.00, 93.00, 90.00, 96.00, 89.00, 90.00, 92.75, 95.00, 94.00, 96.00, 90.00, 93.75, 94.00, 94.00, '2023-2024'),
(240, '667788990011', '1000004', 1, '11', 'Q2', 92.00, 89.00, 93.00, 96.00, 92.00, 96.00, 92.00, 93.00, 92.88, 90.00, 92.00, 92.00, 94.00, 92.00, 70.00, 87.00, '2023-2024'),
(242, '925604731892', '1000034', 31, '11', 'Q3', 97.00, 93.00, 99.00, 92.00, 99.00, 95.00, 90.00, 99.00, 95.50, 92.00, 95.00, 90.00, 97.00, 93.50, 82.00, 91.00, '2024-2025'),
(243, '556677889900', '1000034', 30, '12', 'Q3', 98.00, 89.00, 96.00, 90.00, 97.00, 93.00, 98.00, 99.00, 95.00, 91.00, 91.00, 95.00, 90.00, 91.75, 68.00, 88.00, '2024-2025'),
(244, '012345678901', '1000021', 20, '11', 'Q2', 98.00, 94.00, 89.00, 97.00, 98.00, 96.00, 89.00, 90.00, 93.88, 96.00, 97.00, 98.00, 89.00, 95.00, 76.00, 91.00, '2023-2024'),
(245, '778899001122', '1000007', 11, '11', 'Q4', 93.00, 89.00, 98.00, 92.00, 99.00, 97.00, 98.00, 92.00, 94.75, 97.00, 99.00, 95.00, 89.00, 95.00, 76.00, 90.00, '2023-2024'),
(246, '334455667788', '1000034', 30, '12', 'Q3', 97.00, 92.00, 93.00, 97.00, 97.00, 95.00, 93.00, 95.00, 94.88, 94.00, 99.00, 89.00, 92.00, 93.50, 88.00, 93.00, '2024-2025'),
(249, '778899001122', '1000014', 13, '12', 'Q1', 89.00, 92.00, 91.00, 94.00, 96.00, 98.00, 92.00, 89.00, 92.63, 93.00, 97.00, 97.00, 94.00, 95.25, 76.00, 90.00, '2024-2025'),
(251, '100122334455', '1000024', 36, '11', 'Q3', 94.00, 97.00, 95.00, 96.00, 93.00, 90.00, 94.00, 91.00, 93.75, 93.00, 94.00, 89.00, 99.00, 93.75, 96.00, 94.00, '2023-2024'),
(252, '890123456789', '1000038', 32, '11', 'Q3', 98.00, 97.00, 90.00, 92.00, 93.00, 97.00, 99.00, 93.00, 94.88, 90.00, 95.00, 93.00, 92.00, 92.50, 70.00, 88.00, '2023-2024'),
(253, '990011223344', '1000010', 22, '11', 'Q4', 89.00, 96.00, 94.00, 90.00, 94.00, 97.00, 94.00, 91.00, 93.13, 94.00, 89.00, 97.00, 94.00, 93.50, 84.00, 92.00, '2023-2024'),
(258, '889900112233', '1000008', 8, '11', 'Q4', 93.00, 95.00, 95.00, 93.00, 92.00, 90.00, 98.00, 89.00, 93.13, 95.00, 97.00, 99.00, 95.00, 96.50, 72.00, 90.00, '2023-2024'),
(260, '549372186024', '1000013', 52, '12', 'Q3', 98.00, 92.00, 89.00, 90.00, 96.00, 89.00, 91.00, 99.00, 93.00, 90.00, 96.00, 99.00, 97.00, 95.50, 90.00, 93.00, '2024-2025'),
(262, '185620937415', '1000034', 34, '12', 'Q1', 97.00, 93.00, 97.00, 96.00, 90.00, 96.00, 98.00, 92.00, 94.88, 89.00, 89.00, 93.00, 95.00, 91.50, 96.00, 94.00, '2024-2025'),
(263, '778899001122', '1000017', 12, '12', 'Q2', 99.00, 92.00, 98.00, 91.00, 94.00, 89.00, 98.00, 98.00, 94.88, 96.00, 89.00, 92.00, 90.00, 91.75, 70.00, 87.00, '2024-2025'),
(265, '112233445566', '1000035', 54, '12', 'Q2', 90.00, 91.00, 98.00, 93.00, 94.00, 90.00, 93.00, 93.00, 92.75, 99.00, 92.00, 89.00, 99.00, 94.75, 82.00, 92.00, '2024-2025'),
(266, '445566778899', '1000002', 29, '12', 'Q3', 93.00, 92.00, 93.00, 98.00, 92.00, 99.00, 95.00, 92.00, 94.25, 97.00, 89.00, 97.00, 97.00, 95.00, 98.00, 95.00, '2024-2025'),
(267, '889900112233', '1000008', 2, '11', 'Q2', 91.00, 94.00, 89.00, 96.00, 91.00, 91.00, 91.00, 94.00, 92.13, 97.00, 91.00, 90.00, 97.00, 93.75, 68.00, 87.00, '2023-2024'),
(268, '556677889900', '1000035', 54, '12', 'Q1', 91.00, 98.00, 99.00, 89.00, 93.00, 98.00, 91.00, 92.00, 93.88, 98.00, 94.00, 97.00, 94.00, 95.75, 62.00, 89.00, '2024-2025'),
(269, '567890123456', '1000008', 20, '11', 'Q2', 97.00, 99.00, 93.00, 90.00, 93.00, 95.00, 99.00, 96.00, 95.25, 98.00, 91.00, 94.00, 98.00, 95.25, 94.00, 95.00, '2024-2025'),
(274, '667788990011', '1000024', 36, '11', 'Q4', 96.00, 91.00, 91.00, 94.00, 96.00, 90.00, 94.00, 91.00, 92.88, 93.00, 92.00, 95.00, 99.00, 94.75, 62.00, 88.00, '2023-2024'),
(281, '890123456789', '1000038', 32, '11', 'Q4', 94.00, 90.00, 89.00, 89.00, 89.00, 99.00, 97.00, 98.00, 93.13, 99.00, 92.00, 98.00, 90.00, 94.75, 90.00, 93.00, '2023-2024'),
(283, '778899001122', '1000007', 20, '11', 'Q2', 99.00, 91.00, 91.00, 93.00, 94.00, 90.00, 92.00, 91.00, 92.63, 90.00, 97.00, 97.00, 94.00, 94.50, 82.00, 92.00, '2023-2024'),
(284, '445566778899', '1000035', 54, '12', 'Q2', 98.00, 89.00, 94.00, 94.00, 90.00, 90.00, 91.00, 98.00, 93.00, 94.00, 97.00, 95.00, 93.00, 94.75, 86.00, 93.00, '2024-2025'),
(285, '667788990011', '1000006', 4, '11', 'Q1', 92.00, 97.00, 98.00, 89.00, 95.00, 97.00, 91.00, 97.00, 94.50, 91.00, 98.00, 93.00, 94.00, 94.00, 80.00, 91.00, '2023-2024'),
(289, '223344556677', '1000034', 22, '11', 'Q3', 96.00, 92.00, 95.00, 99.00, 99.00, 97.00, 92.00, 89.00, 94.88, 90.00, 98.00, 98.00, 96.00, 95.50, 82.00, 93.00, '2023-2024'),
(290, '445566778899', '1000004', 36, '11', 'Q3', 90.00, 93.00, 97.00, 92.00, 93.00, 90.00, 95.00, 91.00, 92.63, 95.00, 90.00, 89.00, 95.00, 92.25, 74.00, 89.00, '2023-2024'),
(291, '889900112233', '1000014', 13, '12', 'Q1', 98.00, 91.00, 95.00, 91.00, 94.00, 98.00, 96.00, 97.00, 95.00, 89.00, 96.00, 94.00, 91.00, 92.50, 62.00, 86.00, '2024-2025'),
(292, '401726150119', '1000008', 8, '11', 'Q4', 95.00, 92.00, 96.00, 92.00, 98.00, 89.00, 97.00, 97.00, 94.50, 92.00, 95.00, 97.00, 89.00, 93.25, 66.00, 87.00, '2023-2024'),
(293, '789012345678', '1000035', 22, '11', 'Q4', 93.00, 98.00, 99.00, 91.00, 90.00, 90.00, 92.00, 92.00, 93.13, 93.00, 91.00, 97.00, 93.00, 93.50, 92.00, 93.00, '2023-2024'),
(294, '445566778899', '1000022', 32, '11', 'Q4', 98.00, 93.00, 92.00, 92.00, 98.00, 93.00, 93.00, 98.00, 94.63, 89.00, 94.00, 92.00, 91.00, 91.50, 78.00, 89.00, '2023-2024'),
(295, '778899001122', '1000024', 36, '11', 'Q3', 95.00, 89.00, 94.00, 92.00, 99.00, 89.00, 92.00, 92.00, 92.75, 95.00, 99.00, 89.00, 94.00, 94.25, 94.00, 94.00, '2023-2024'),
(298, '958314720193', '1000013', 19, '11', 'Q2', 93.00, 94.00, 92.00, 99.00, 89.00, 92.00, 94.00, 95.00, 93.50, 92.00, 97.00, 99.00, 94.00, 95.50, 62.00, 85.00, '2023-2024'),
(299, '100122334455', '1000007', 20, '11', 'Q1', 98.00, 96.00, 98.00, 92.00, 98.00, 91.00, 97.00, 89.00, 94.88, 99.00, 95.00, 89.00, 92.00, 93.75, 82.00, 92.00, '2023-2024'),
(300, '778899001122', '1000012', 33, '12', 'Q1', 92.00, 91.00, 89.00, 97.00, 94.00, 93.00, 92.00, 94.00, 92.75, 94.00, 91.00, 92.00, 89.00, 91.50, 92.00, 92.00, '2024-2025'),
(301, '456789012345', '1000022', 32, '11', 'Q4', 94.00, 90.00, 90.00, 93.00, 97.00, 92.00, 94.00, 96.00, 93.25, 95.00, 90.00, 99.00, 93.00, 94.25, 74.00, 90.00, '2024-2025'),
(302, '990011223344', '1000007', 11, '11', 'Q3', 96.00, 92.00, 98.00, 91.00, 96.00, 94.00, 96.00, 97.00, 95.00, 99.00, 94.00, 94.00, 90.00, 94.25, 72.00, 89.00, '2023-2024'),
(304, '889900112233', '1000007', 20, '11', 'Q1', 97.00, 93.00, 97.00, 94.00, 92.00, 91.00, 99.00, 99.00, 95.25, 91.00, 89.00, 97.00, 95.00, 93.00, 82.00, 91.00, '2023-2024'),
(305, '847193620584', '1000034', 31, '11', 'Q3', 95.00, 89.00, 93.00, 97.00, 95.00, 95.00, 92.00, 96.00, 94.00, 93.00, 89.00, 99.00, 97.00, 94.50, 94.00, 94.00, '2024-2025'),
(306, '889900112233', '1000012', 33, '12', 'Q1', 99.00, 92.00, 98.00, 92.00, 89.00, 92.00, 94.00, 93.00, 93.63, 94.00, 92.00, 89.00, 93.00, 92.00, 82.00, 90.00, '2024-2025'),
(308, '901234567890', '1000038', 32, '11', 'Q3', 92.00, 99.00, 95.00, 91.00, 94.00, 95.00, 95.00, 91.00, 94.00, 92.00, 96.00, 97.00, 95.00, 95.00, 68.00, 89.00, '2023-2024'),
(309, '482613970245', '1000034', 31, '11', 'Q4', 96.00, 94.00, 92.00, 92.00, 94.00, 95.00, 92.00, 89.00, 93.00, 92.00, 92.00, 94.00, 95.00, 93.25, 74.00, 87.00, '2024-2025'),
(310, '778899001122', '1000005', 9, '11', 'Q3', 95.00, 89.00, 95.00, 98.00, 92.00, 99.00, 99.00, 98.00, 95.63, 95.00, 94.00, 93.00, 97.00, 94.75, 66.00, 88.00, '2023-2024'),
(311, '100122334455', '1000012', 33, '12', 'Q2', 99.00, 95.00, 90.00, 97.00, 93.00, 98.00, 89.00, 97.00, 94.75, 94.00, 93.00, 92.00, 92.00, 92.75, 90.00, 93.00, '2024-2025'),
(312, '401726150119', '1000011', 32, '11', 'Q4', 97.00, 96.00, 99.00, 99.00, 95.00, 91.00, 94.00, 97.00, 96.00, 91.00, 98.00, 94.00, 89.00, 93.00, 76.00, 90.00, '2023-2024'),
(313, '667788990011', '1000015', 54, '12', 'Q1', 99.00, 98.00, 94.00, 89.00, 98.00, 99.00, 93.00, 90.00, 95.00, 92.00, 90.00, 97.00, 95.00, 93.50, 86.00, 92.00, '2024-2025'),
(314, '556677889900', '1000004', 36, '11', 'Q3', 96.00, 91.00, 99.00, 89.00, 92.00, 94.00, 97.00, 89.00, 93.38, 99.00, 96.00, 96.00, 89.00, 95.00, 64.00, 88.00, '2023-2024'),
(315, '100122334455', '1000006', 10, '11', 'Q3', 94.00, 94.00, 90.00, 89.00, 97.00, 95.00, 99.00, 97.00, 94.38, 90.00, 90.00, 94.00, 89.00, 90.75, 86.00, 90.00, '2023-2024'),
(319, '778899001122', '1000008', 8, '11', 'Q4', 94.00, 97.00, 92.00, 92.00, 97.00, 97.00, 93.00, 99.00, 95.13, 92.00, 96.00, 93.00, 91.00, 93.00, 94.00, 94.00, '2023-2024'),
(320, '778899001122', '1000004', 1, '11', 'Q1', 99.00, 91.00, 92.00, 99.00, 98.00, 94.00, 98.00, 95.00, 95.75, 94.00, 98.00, 96.00, 98.00, 96.50, 80.00, 92.00, '2023-2024'),
(321, '778899001122', '1000010', 22, '11', 'Q4', 99.00, 93.00, 90.00, 94.00, 90.00, 89.00, 89.00, 98.00, 92.75, 93.00, 91.00, 99.00, 90.00, 93.25, 94.00, 93.00, '2023-2024'),
(322, '789012345678', '1000038', 36, '11', 'Q3', 99.00, 91.00, 95.00, 99.00, 91.00, 90.00, 90.00, 91.00, 93.25, 97.00, 91.00, 96.00, 97.00, 95.25, 94.00, 95.00, '2023-2024'),
(323, '778899001122', '1000009', 6, '11', 'Q2', 91.00, 89.00, 97.00, 96.00, 89.00, 99.00, 99.00, 98.00, 94.75, 93.00, 95.00, 95.00, 90.00, 93.25, 90.00, 93.00, '2023-2024'),
(324, '223344556677', '1000034', 37, '12', 'Q2', 94.00, 89.00, 96.00, 93.00, 89.00, 98.00, 91.00, 97.00, 93.38, 98.00, 90.00, 99.00, 95.00, 95.50, 66.00, 89.00, '2024-2025'),
(325, '890123456789', '1000032', 33, '12', 'Q2', 99.00, 96.00, 94.00, 92.00, 90.00, 98.00, 98.00, 97.00, 95.50, 93.00, 93.00, 89.00, 99.00, 93.50, 78.00, 91.00, '2024-2025'),
(326, '567890123456', '1000022', 32, '11', 'Q4', 95.00, 95.00, 89.00, 94.00, 94.00, 98.00, 98.00, 97.00, 95.00, 92.00, 90.00, 95.00, 96.00, 93.25, 98.00, 95.00, '2024-2025'),
(327, '845329710584', '1000030', 38, '12', 'Q2', 91.00, 98.00, 94.00, 98.00, 98.00, 97.00, 93.00, 94.00, 95.38, 92.00, 90.00, 96.00, 98.00, 94.00, 74.00, 90.00, '2024-2025'),
(328, '990011223344', '1000004', 7, '11', 'Q3', 95.00, 94.00, 96.00, 99.00, 97.00, 97.00, 97.00, 93.00, 96.00, 98.00, 98.00, 89.00, 93.00, 94.50, 60.00, 86.00, '2023-2024'),
(329, '778899001122', '1000007', 11, '11', 'Q3', 90.00, 94.00, 91.00, 94.00, 99.00, 89.00, 95.00, 95.00, 93.38, 91.00, 91.00, 95.00, 93.00, 92.50, 96.00, 94.00, '2023-2024'),
(331, '334455667788', '1000034', 22, '11', 'Q4', 99.00, 99.00, 99.00, 96.00, 97.00, 99.00, 90.00, 89.00, 96.00, 96.00, 93.00, 89.00, 98.00, 94.00, 78.00, 91.00, '2023-2024'),
(332, '990011223344', '1000004', 7, '11', 'Q4', 98.00, 99.00, 93.00, 98.00, 92.00, 90.00, 95.00, 96.00, 95.13, 95.00, 89.00, 93.00, 97.00, 93.50, 88.00, 93.00, '2023-2024'),
(333, '778899001122', '1000004', 1, '11', 'Q2', 89.00, 95.00, 98.00, 95.00, 93.00, 92.00, 91.00, 90.00, 92.88, 89.00, 98.00, 90.00, 91.00, 92.00, 62.00, 85.00, '2023-2024'),
(338, '401726150119', '1000012', 33, '12', 'Q2', 89.00, 95.00, 90.00, 96.00, 99.00, 99.00, 99.00, 97.00, 95.50, 89.00, 89.00, 89.00, 89.00, 89.00, 72.00, 87.00, '2024-2025'),
(339, '990011223344', '1000024', 36, '11', 'Q4', 95.00, 89.00, 93.00, 97.00, 98.00, 89.00, 95.00, 95.00, 93.88, 92.00, 97.00, 99.00, 91.00, 94.75, 76.00, 91.00, '2023-2024'),
(340, '401726150119', '1000009', 6, '11', 'Q1', 99.00, 91.00, 91.00, 95.00, 90.00, 98.00, 99.00, 89.00, 94.00, 94.00, 92.00, 90.00, 95.00, 92.75, 60.00, 85.00, '2023-2024'),
(341, '185620937415', '1000013', 28, '12', 'Q3', 98.00, 93.00, 95.00, 96.00, 95.00, 99.00, 89.00, 91.00, 94.50, 99.00, 92.00, 94.00, 96.00, 95.25, 96.00, 95.00, '2024-2025'),
(342, '445566778899', '1000034', 37, '12', 'Q3', 99.00, 89.00, 90.00, 97.00, 94.00, 89.00, 98.00, 92.00, 93.50, 96.00, 96.00, 90.00, 98.00, 95.00, 76.00, 91.00, '2024-2025'),
(343, '112233445566', '1000034', 30, '12', 'Q3', 96.00, 89.00, 90.00, 93.00, 97.00, 94.00, 92.00, 91.00, 92.75, 99.00, 90.00, 97.00, 94.00, 95.00, 78.00, 91.00, '2024-2025'),
(344, '334455667788', '1000030', 38, '12', 'Q1', 96.00, 97.00, 98.00, 99.00, 92.00, 96.00, 94.00, 92.00, 95.50, 89.00, 94.00, 90.00, 90.00, 90.75, 66.00, 87.00, '2024-2025'),
(345, '556677889900', '1000034', 37, '12', 'Q3', 92.00, 91.00, 91.00, 94.00, 96.00, 89.00, 99.00, 99.00, 93.88, 97.00, 99.00, 95.00, 89.00, 95.00, 72.00, 90.00, '2024-2025'),
(346, '958314720193', '1000003', 19, '11', 'Q1', 98.00, 90.00, 99.00, 91.00, 94.00, 95.00, 96.00, 93.00, 94.50, 92.00, 89.00, 94.00, 93.00, 92.00, 60.00, 83.00, '2023-2024'),
(347, '667788990011', '1000007', 11, '11', 'Q4', 98.00, 98.00, 93.00, 97.00, 95.00, 96.00, 93.00, 90.00, 95.00, 94.00, 90.00, 99.00, 93.00, 94.00, 72.00, 89.00, '2023-2024'),
(348, '012345678901', '1000032', 35, '11', 'Q1', 92.00, 93.00, 92.00, 91.00, 90.00, 91.00, 94.00, 97.00, 92.50, 93.00, 97.00, 97.00, 95.00, 95.50, 78.00, 91.00, '2023-2024'),
(349, '667788990011', '1000010', 22, '11', 'Q3', 99.00, 92.00, 96.00, 97.00, 94.00, 90.00, 93.00, 97.00, 94.75, 93.00, 95.00, 98.00, 96.00, 95.50, 78.00, 92.00, '2023-2024'),
(351, '401726150119', '1000006', 10, '11', 'Q3', 90.00, 89.00, 99.00, 95.00, 90.00, 99.00, 90.00, 99.00, 93.88, 92.00, 96.00, 92.00, 98.00, 94.50, 94.00, 94.00, '2023-2024'),
(352, '100122334455', '1000006', 10, '11', 'Q4', 99.00, 94.00, 94.00, 89.00, 99.00, 92.00, 98.00, 91.00, 94.50, 96.00, 98.00, 99.00, 93.00, 96.50, 60.00, 87.00, '2023-2024'),
(353, '334455667788', '1000022', 32, '11', 'Q3', 95.00, 98.00, 94.00, 98.00, 98.00, 96.00, 98.00, 92.00, 96.13, 98.00, 94.00, 98.00, 96.00, 96.50, 78.00, 93.00, '2023-2024'),
(355, '445566778899', '1000034', 30, '12', 'Q3', 99.00, 95.00, 90.00, 97.00, 97.00, 91.00, 98.00, 97.00, 95.50, 92.00, 91.00, 91.00, 91.00, 91.25, 70.00, 88.00, '2024-2025'),
(358, '889900112233', '1000024', 36, '11', 'Q4', 99.00, 90.00, 97.00, 93.00, 99.00, 93.00, 91.00, 89.00, 93.88, 94.00, 93.00, 96.00, 99.00, 95.50, 60.00, 88.00, '2023-2024'),
(361, '889900112233', '1000006', 10, '11', 'Q3', 95.00, 97.00, 99.00, 95.00, 99.00, 90.00, 98.00, 98.00, 96.38, 98.00, 97.00, 91.00, 99.00, 96.25, 72.00, 90.00, '2023-2024'),
(362, '762490183657', '1000034', 34, '12', 'Q1', 94.00, 93.00, 95.00, 96.00, 97.00, 95.00, 98.00, 95.00, 95.38, 92.00, 96.00, 93.00, 99.00, 95.00, 76.00, 89.00, '2024-2025'),
(364, '889900112233', '1000005', 3, '11', 'Q2', 98.00, 98.00, 96.00, 96.00, 96.00, 92.00, 93.00, 92.00, 95.13, 91.00, 92.00, 98.00, 94.00, 93.75, 66.00, 87.00, '2023-2024'),
(365, '334455667788', '1000033', 36, '11', 'Q4', 98.00, 90.00, 90.00, 90.00, 94.00, 98.00, 99.00, 89.00, 93.50, 93.00, 90.00, 91.00, 95.00, 92.25, 88.00, 92.00, '2023-2024'),
(366, '845329710584', '1000002', 29, '12', 'Q3', 98.00, 93.00, 94.00, 91.00, 98.00, 92.00, 89.00, 93.00, 93.50, 98.00, 99.00, 90.00, 98.00, 96.25, 98.00, 96.00, '2024-2025'),
(369, '990011223344', '1000010', 22, '11', 'Q3', 93.00, 97.00, 96.00, 91.00, 98.00, 97.00, 90.00, 95.00, 94.63, 94.00, 98.00, 95.00, 93.00, 95.00, 88.00, 94.00, '2023-2024'),
(373, '401726150119', '1000006', 4, '11', 'Q2', 95.00, 96.00, 99.00, 93.00, 90.00, 97.00, 91.00, 99.00, 95.00, 99.00, 99.00, 90.00, 94.00, 95.50, 86.00, 93.00, '2023-2024'),
(374, '556677889900', '1000030', 38, '12', 'Q1', 96.00, 98.00, 99.00, 92.00, 98.00, 89.00, 98.00, 91.00, 95.13, 92.00, 99.00, 96.00, 96.00, 95.75, 70.00, 90.00, '2024-2025'),
(376, '100122334455', '1000024', 36, '11', 'Q4', 93.00, 96.00, 89.00, 91.00, 99.00, 89.00, 94.00, 92.00, 92.88, 99.00, 97.00, 91.00, 95.00, 95.50, 76.00, 91.00, '2023-2024'),
(378, '958314720193', '8364721', 53, '12', 'Q1', 99.00, 91.00, 93.00, 93.00, 97.00, 97.00, 91.00, 90.00, 93.88, 98.00, 98.00, 98.00, 98.00, 98.00, 64.00, 87.00, '2024-2025'),
(379, '889900112233', '1000015', 54, '12', 'Q1', 92.00, 95.00, 90.00, 98.00, 89.00, 93.00, 89.00, 99.00, 93.13, 95.00, 91.00, 91.00, 96.00, 93.25, 78.00, 90.00, '2024-2025'),
(380, '185620937415', '1000013', 19, '11', 'Q1', 92.00, 90.00, 89.00, 94.00, 94.00, 90.00, 99.00, 92.00, 92.50, 97.00, 89.00, 99.00, 93.00, 94.50, 94.00, 94.00, '2023-2024'),
(381, '678901234567', '1000017', 35, '11', 'Q1', 93.00, 89.00, 98.00, 92.00, 89.00, 90.00, 95.00, 94.00, 92.50, 96.00, 89.00, 89.00, 89.00, 90.75, 98.00, 93.00, '2023-2024'),
(382, '890123456789', '1000035', 22, '11', 'Q3', 90.00, 92.00, 91.00, 89.00, 95.00, 96.00, 97.00, 95.00, 93.13, 99.00, 98.00, 94.00, 98.00, 97.25, 74.00, 92.00, '2023-2024'),
(383, '778899001122', '1000005', 3, '11', 'Q1', 91.00, 96.00, 93.00, 90.00, 91.00, 99.00, 90.00, 97.00, 93.38, 95.00, 95.00, 89.00, 92.00, 92.75, 94.00, 93.00, '2023-2024'),
(384, '958314720193', '8364721', 53, '12', 'Q2', 97.00, 96.00, 90.00, 96.00, 89.00, 89.00, 90.00, 93.00, 92.50, 96.00, 92.00, 96.00, 90.00, 93.50, 66.00, 85.00, '2024-2025'),
(386, '445566778899', '1000034', 22, '11', 'Q4', 91.00, 95.00, 90.00, 91.00, 94.00, 98.00, 96.00, 98.00, 94.13, 91.00, 95.00, 90.00, 98.00, 93.50, 74.00, 90.00, '2023-2024'),
(390, '990011223344', '1000005', 3, '11', 'Q1', 92.00, 95.00, 91.00, 90.00, 99.00, 94.00, 94.00, 91.00, 93.25, 92.00, 91.00, 89.00, 96.00, 92.00, 72.00, 87.00, '2023-2024'),
(393, '456789012345', '1000008', 20, '11', 'Q1', 91.00, 93.00, 90.00, 96.00, 99.00, 97.00, 99.00, 93.00, 94.75, 91.00, 97.00, 90.00, 93.00, 92.75, 76.00, 90.00, '2024-2025'),
(394, '401726150119', '1000024', 36, '11', 'Q3', 95.00, 99.00, 97.00, 91.00, 96.00, 98.00, 89.00, 98.00, 95.38, 92.00, 96.00, 94.00, 95.00, 94.25, 68.00, 89.00, '2023-2024'),
(395, '012345678901', '1000035', 22, '11', 'Q4', 98.00, 93.00, 95.00, 98.00, 92.00, 91.00, 91.00, 91.00, 93.63, 94.00, 96.00, 98.00, 94.00, 95.50, 90.00, 94.00, '2023-2024'),
(396, '667788990011', '1000008', 8, '11', 'Q4', 89.00, 96.00, 93.00, 89.00, 98.00, 92.00, 99.00, 99.00, 94.38, 96.00, 97.00, 98.00, 99.00, 97.50, 64.00, 88.00, '2023-2024'),
(397, '643821509274', '1000034', 34, '12', 'Q2', 93.00, 94.00, 92.00, 99.00, 99.00, 97.00, 99.00, 93.00, 95.75, 93.00, 96.00, 92.00, 93.00, 93.50, 76.00, 89.00, '2024-2025'),
(398, '334455667788', '1000034', 37, '12', 'Q3', 92.00, 90.00, 96.00, 90.00, 94.00, 91.00, 93.00, 96.00, 92.75, 98.00, 94.00, 97.00, 91.00, 95.00, 92.00, 94.00, '2024-2025'),
(399, '112233445566', '1000033', 36, '11', 'Q3', 91.00, 91.00, 92.00, 89.00, 91.00, 98.00, 95.00, 92.00, 92.38, 90.00, 93.00, 96.00, 92.00, 92.75, 86.00, 91.00, '2023-2024'),
(400, '567890123456', '1000027', 20, '11', 'Q1', 95.00, 98.00, 97.00, 89.00, 89.00, 99.00, 97.00, 98.00, 95.25, 99.00, 93.00, 91.00, 99.00, 95.50, 60.00, 88.00, '2024-2025'),
(402, '100122334455', '1000015', 54, '12', 'Q1', 98.00, 97.00, 90.00, 92.00, 93.00, 90.00, 90.00, 94.00, 93.00, 90.00, 90.00, 90.00, 93.00, 90.75, 98.00, 93.00, '2024-2025'),
(403, '276481593047', '1000032', 42, '11', 'Q3', 90.00, 91.00, 94.00, 97.00, 91.00, 89.00, 95.00, 97.00, 93.00, 91.00, 96.00, 98.00, 92.00, 94.25, 92.00, 93.00, '2024-2025'),
(405, '990011223344', '1000006', 4, '11', 'Q2', 96.00, 94.00, 97.00, 89.00, 89.00, 91.00, 99.00, 98.00, 94.13, 95.00, 92.00, 97.00, 89.00, 93.25, 70.00, 88.00, '2023-2024'),
(407, '012345678901', '1000038', 36, '11', 'Q3', 96.00, 99.00, 98.00, 95.00, 90.00, 90.00, 92.00, 91.00, 93.88, 90.00, 98.00, 89.00, 93.00, 92.50, 92.00, 93.00, '2023-2024'),
(409, '223344556677', '1000033', 36, '11', 'Q3', 98.00, 90.00, 90.00, 92.00, 93.00, 97.00, 95.00, 96.00, 93.88, 98.00, 89.00, 98.00, 90.00, 93.75, 68.00, 89.00, '2023-2024'),
(410, '556677889900', '1000034', 37, '12', 'Q2', 91.00, 92.00, 96.00, 93.00, 90.00, 95.00, 93.00, 92.00, 92.75, 93.00, 89.00, 89.00, 91.00, 90.50, 88.00, 90.00, '2024-2025'),
(411, '012345678901', '1000032', 35, '11', 'Q2', 94.00, 98.00, 98.00, 95.00, 93.00, 92.00, 93.00, 89.00, 94.00, 99.00, 94.00, 97.00, 93.00, 95.75, 94.00, 95.00, '2023-2024'),
(412, '401726150119', '1000004', 7, '11', 'Q4', 94.00, 99.00, 93.00, 91.00, 97.00, 89.00, 91.00, 96.00, 93.75, 99.00, 96.00, 95.00, 98.00, 97.00, 72.00, 90.00, '2023-2024'),
(414, '100122334455', '1000005', 3, '11', 'Q2', 96.00, 98.00, 94.00, 97.00, 94.00, 89.00, 98.00, 89.00, 94.38, 94.00, 94.00, 97.00, 96.00, 95.25, 98.00, 96.00, '2023-2024'),
(416, '678901234567', '1000021', 20, '11', 'Q2', 93.00, 97.00, 94.00, 94.00, 97.00, 91.00, 89.00, 96.00, 93.88, 99.00, 99.00, 98.00, 95.00, 97.75, 98.00, 97.00, '2023-2024'),
(418, '445566778899', '1000035', 54, '12', 'Q1', 94.00, 97.00, 94.00, 89.00, 98.00, 89.00, 97.00, 95.00, 94.13, 95.00, 92.00, 96.00, 95.00, 94.50, 94.00, 94.00, '2024-2025'),
(419, '549372186024', '1000009', 47, '12', 'Q1', 96.00, 99.00, 95.00, 92.00, 95.00, 89.00, 96.00, 89.00, 93.88, 93.00, 97.00, 98.00, 96.00, 96.00, 76.00, 89.00, '2024-2025'),
(420, '901234567890', '1000012', 26, '12', 'Q3', 97.00, 99.00, 94.00, 97.00, 91.00, 99.00, 98.00, 95.00, 96.25, 93.00, 90.00, 92.00, 94.00, 92.25, 80.00, 91.00, '2024-2025'),
(421, '100122334455', '1000005', 9, '11', 'Q4', 93.00, 95.00, 97.00, 99.00, 94.00, 95.00, 93.00, 94.00, 95.00, 92.00, 99.00, 98.00, 93.00, 95.50, 74.00, 90.00, '2023-2024'),
(422, '276481593047', '1000034', 31, '11', 'Q3', 92.00, 92.00, 95.00, 89.00, 95.00, 97.00, 90.00, 94.00, 93.00, 98.00, 97.00, 92.00, 91.00, 94.50, 72.00, 87.00, '2024-2025'),
(424, '316472958031', '1000034', 31, '11', 'Q4', 90.00, 98.00, 99.00, 91.00, 90.00, 89.00, 97.00, 96.00, 93.75, 90.00, 97.00, 93.00, 95.00, 93.75, 82.00, 90.00, '2024-2025'),
(425, '889900112233', '1000008', 2, '11', 'Q1', 99.00, 90.00, 99.00, 89.00, 92.00, 96.00, 94.00, 94.00, 94.13, 98.00, 98.00, 95.00, 93.00, 96.00, 90.00, 94.00, '2023-2024'),
(426, '990011223344', '1000007', 20, '11', 'Q2', 94.00, 99.00, 90.00, 98.00, 97.00, 93.00, 97.00, 96.00, 95.50, 99.00, 97.00, 97.00, 98.00, 97.75, 68.00, 91.00, '2023-2024'),
(427, '990011223344', '1000017', 12, '12', 'Q2', 96.00, 91.00, 92.00, 98.00, 93.00, 95.00, 93.00, 93.00, 93.88, 98.00, 90.00, 98.00, 99.00, 96.25, 90.00, 94.00, '2024-2025'),
(428, '100122334455', '1000011', 32, '11', 'Q3', 98.00, 98.00, 96.00, 96.00, 93.00, 90.00, 94.00, 98.00, 95.38, 97.00, 91.00, 97.00, 90.00, 93.75, 66.00, 89.00, '2023-2024'),
(429, '401726150119', '1000015', 54, '12', 'Q2', 92.00, 89.00, 94.00, 90.00, 90.00, 93.00, 93.00, 89.00, 91.25, 90.00, 93.00, 94.00, 91.00, 92.00, 78.00, 89.00, '2024-2025'),
(430, '667788990011', '1000007', 20, '11', 'Q1', 93.00, 96.00, 90.00, 98.00, 96.00, 97.00, 97.00, 94.00, 95.13, 90.00, 90.00, 91.00, 99.00, 92.50, 96.00, 94.00, '2023-2024'),
(431, '889900112233', '1000004', 7, '11', 'Q3', 99.00, 90.00, 97.00, 94.00, 90.00, 90.00, 92.00, 89.00, 92.63, 91.00, 91.00, 93.00, 91.00, 91.50, 70.00, 86.00, '2023-2024'),
(432, '100122334455', '1000015', 54, '12', 'Q2', 99.00, 97.00, 96.00, 89.00, 93.00, 97.00, 95.00, 97.00, 95.38, 90.00, 92.00, 92.00, 95.00, 92.25, 80.00, 90.00, '2024-2025'),
(433, '678901234567', '1000032', 33, '12', 'Q1', 98.00, 93.00, 92.00, 95.00, 98.00, 94.00, 98.00, 97.00, 95.63, 90.00, 96.00, 98.00, 93.00, 94.25, 90.00, 94.00, '2024-2025'),
(435, '678901234567', '1000035', 22, '11', 'Q3', 99.00, 99.00, 99.00, 97.00, 99.00, 95.00, 99.00, 89.00, 97.00, 91.00, 89.00, 93.00, 89.00, 90.50, 74.00, 89.00, '2023-2024'),
(443, '556677889900', '1000035', 54, '12', 'Q2', 96.00, 90.00, 95.00, 94.00, 97.00, 95.00, 94.00, 96.00, 94.63, 98.00, 92.00, 98.00, 92.00, 95.00, 80.00, 92.00, '2024-2025'),
(444, '845329710584', '1000022', 32, '11', 'Q3', 98.00, 94.00, 97.00, 94.00, 99.00, 94.00, 93.00, 96.00, 95.63, 91.00, 91.00, 90.00, 90.00, 90.50, 80.00, 89.00, '2023-2024'),
(445, '482613970245', '1000016', 42, '11', 'Q4', 98.00, 91.00, 97.00, 89.00, 97.00, 99.00, 91.00, 92.00, 94.25, 99.00, 96.00, 97.00, 96.00, 97.00, 62.00, 86.00, '2024-2025'),
(446, '112233445566', '1000035', 54, '12', 'Q1', 97.00, 94.00, 91.00, 93.00, 95.00, 98.00, 92.00, 89.00, 93.63, 94.00, 90.00, 90.00, 92.00, 91.50, 88.00, 91.00, '2024-2025'),
(447, '667788990011', '1000005', 9, '11', 'Q4', 95.00, 99.00, 89.00, 91.00, 89.00, 96.00, 92.00, 94.00, 93.13, 94.00, 89.00, 97.00, 97.00, 94.25, 74.00, 89.00, '2023-2024'),
(448, '990011223344', '1000011', 32, '11', 'Q3', 91.00, 98.00, 92.00, 90.00, 97.00, 95.00, 94.00, 99.00, 94.50, 99.00, 90.00, 95.00, 97.00, 95.25, 90.00, 94.00, '2023-2024'),
(449, '762490183657', '8364721', 53, '12', 'Q2', 92.00, 90.00, 97.00, 93.00, 97.00, 96.00, 89.00, 89.00, 92.88, 91.00, 90.00, 97.00, 94.00, 93.00, 86.00, 91.00, '2024-2025'),
(450, '185620937415', '1000013', 19, '11', 'Q2', 96.00, 93.00, 98.00, 99.00, 94.00, 93.00, 93.00, 89.00, 94.38, 97.00, 96.00, 93.00, 97.00, 95.75, 66.00, 86.00, '2023-2024'),
(452, '778899001122', '1000004', 7, '11', 'Q4', 91.00, 92.00, 99.00, 98.00, 95.00, 89.00, 96.00, 91.00, 93.88, 90.00, 89.00, 98.00, 91.00, 92.00, 90.00, 92.00, '2023-2024'),
(454, '667788990011', '1000024', 36, '11', 'Q3', 91.00, 90.00, 97.00, 95.00, 97.00, 97.00, 97.00, 94.00, 94.75, 90.00, 92.00, 92.00, 92.00, 91.50, 76.00, 89.00, '2023-2024'),
(455, '678901234567', '1000035', 22, '11', 'Q4', 89.00, 95.00, 96.00, 94.00, 96.00, 98.00, 90.00, 90.00, 93.50, 94.00, 97.00, 94.00, 90.00, 93.75, 88.00, 93.00, '2023-2024'),
(457, '901234567890', '1000021', 20, '11', 'Q2', 90.00, 91.00, 98.00, 94.00, 98.00, 89.00, 93.00, 98.00, 93.88, 91.00, 95.00, 89.00, 97.00, 93.00, 74.00, 89.00, '2023-2024'),
(458, '778899001122', '1000005', 9, '11', 'Q4', 91.00, 93.00, 93.00, 97.00, 97.00, 92.00, 93.00, 99.00, 94.38, 97.00, 98.00, 99.00, 89.00, 95.75, 82.00, 92.00, '2023-2024'),
(461, '889900112233', '1000005', 3, '11', 'Q1', 96.00, 91.00, 99.00, 91.00, 89.00, 97.00, 96.00, 99.00, 94.75, 97.00, 98.00, 91.00, 93.00, 94.75, 96.00, 95.00, '2023-2024'),
(462, '012345678901', '1000038', 32, '11', 'Q4', 97.00, 89.00, 98.00, 90.00, 92.00, 90.00, 94.00, 92.00, 92.75, 89.00, 90.00, 97.00, 91.00, 91.75, 88.00, 91.00, '2023-2024'),
(464, '643821509274', '1000029', 28, '12', 'Q3', 89.00, 96.00, 90.00, 96.00, 91.00, 98.00, 97.00, 90.00, 93.38, 91.00, 99.00, 98.00, 96.00, 96.00, 98.00, 96.00, '2024-2025'),
(466, '100122334455', '1000009', 6, '11', 'Q1', 96.00, 95.00, 95.00, 94.00, 96.00, 98.00, 94.00, 95.00, 95.38, 93.00, 95.00, 94.00, 97.00, 94.75, 84.00, 92.00, '2023-2024'),
(467, '012345678901', '1000035', 22, '11', 'Q3', 97.00, 92.00, 90.00, 96.00, 89.00, 91.00, 99.00, 99.00, 94.13, 91.00, 89.00, 95.00, 99.00, 93.50, 68.00, 89.00, '2023-2024'),
(468, '889900112233', '1000011', 32, '11', 'Q4', 96.00, 95.00, 97.00, 91.00, 97.00, 89.00, 98.00, 93.00, 94.50, 93.00, 96.00, 92.00, 95.00, 94.00, 70.00, 89.00, '2023-2024'),
(469, '789012345678', '1000038', 32, '11', 'Q3', 98.00, 96.00, 97.00, 89.00, 96.00, 94.00, 93.00, 92.00, 94.38, 94.00, 94.00, 91.00, 92.00, 92.75, 90.00, 93.00, '2023-2024'),
(470, '990011223344', '1000012', 33, '12', 'Q2', 93.00, 92.00, 92.00, 97.00, 99.00, 91.00, 93.00, 94.00, 93.88, 89.00, 99.00, 94.00, 95.00, 94.25, 60.00, 87.00, '2024-2025'),
(471, '990011223344', '1000012', 33, '12', 'Q1', 92.00, 99.00, 95.00, 92.00, 95.00, 91.00, 90.00, 91.00, 93.13, 94.00, 98.00, 99.00, 92.00, 95.75, 92.00, 94.00, '2024-2025'),
(472, '667788990011', '1000014', 13, '12', 'Q1', 94.00, 93.00, 97.00, 95.00, 95.00, 92.00, 98.00, 93.00, 94.63, 92.00, 91.00, 92.00, 98.00, 93.25, 62.00, 86.00, '2024-2025'),
(473, '778899001122', '1000008', 2, '11', 'Q1', 91.00, 95.00, 92.00, 97.00, 99.00, 95.00, 98.00, 96.00, 95.38, 97.00, 97.00, 97.00, 91.00, 95.50, 92.00, 95.00, '2023-2024'),
(475, '445566778899', '1000034', 37, '12', 'Q1', 92.00, 99.00, 98.00, 93.00, 93.00, 99.00, 94.00, 96.00, 95.50, 97.00, 89.00, 97.00, 98.00, 95.25, 94.00, 95.00, '2024-2025'),
(476, '223344556677', '1000004', 36, '11', 'Q4', 93.00, 89.00, 99.00, 94.00, 96.00, 98.00, 93.00, 94.00, 94.50, 91.00, 97.00, 99.00, 93.00, 95.00, 60.00, 88.00, '2023-2024'),
(477, '901234567890', '1000038', 36, '11', 'Q3', 91.00, 99.00, 90.00, 99.00, 93.00, 90.00, 91.00, 99.00, 94.00, 90.00, 95.00, 96.00, 93.00, 93.50, 74.00, 90.00, '2023-2024'),
(478, '667788990011', '1000010', 22, '11', 'Q4', 90.00, 92.00, 89.00, 92.00, 93.00, 90.00, 92.00, 91.00, 91.13, 89.00, 97.00, 95.00, 95.00, 94.00, 92.00, 93.00, '2023-2024'),
(480, '901234567890', '1000021', 20, '11', 'Q1', 97.00, 95.00, 92.00, 98.00, 94.00, 99.00, 90.00, 98.00, 95.38, 97.00, 91.00, 89.00, 92.00, 92.25, 62.00, 87.00, '2023-2024'),
(482, '845329710584', '1000022', 32, '11', 'Q4', 97.00, 97.00, 93.00, 95.00, 98.00, 93.00, 96.00, 91.00, 95.00, 90.00, 89.00, 95.00, 97.00, 92.75, 94.00, 93.00, '2023-2024'),
(483, '334455667788', '1000035', 54, '12', 'Q2', 97.00, 96.00, 90.00, 95.00, 93.00, 92.00, 93.00, 99.00, 94.38, 95.00, 90.00, 99.00, 90.00, 93.50, 66.00, 88.00, '2024-2025'),
(486, '667788990011', '1000017', 12, '12', 'Q1', 90.00, 94.00, 92.00, 89.00, 92.00, 91.00, 91.00, 96.00, 91.88, 94.00, 93.00, 97.00, 92.00, 94.00, 70.00, 87.00, '2024-2025'),
(487, '445566778899', '1000030', 38, '12', 'Q2', 92.00, 94.00, 95.00, 94.00, 97.00, 90.00, 94.00, 99.00, 94.38, 92.00, 99.00, 95.00, 89.00, 93.75, 88.00, 93.00, '2024-2025'),
(491, '778899001122', '1000012', 33, '12', 'Q2', 98.00, 97.00, 94.00, 98.00, 99.00, 89.00, 94.00, 91.00, 95.00, 97.00, 99.00, 95.00, 90.00, 95.25, 94.00, 95.00, '2024-2025'),
(493, '223344556677', '1000022', 32, '11', 'Q3', 96.00, 99.00, 96.00, 93.00, 90.00, 94.00, 89.00, 98.00, 94.38, 91.00, 94.00, 96.00, 99.00, 95.00, 66.00, 89.00, '2023-2024'),
(495, '889900112233', '1000004', 7, '11', 'Q4', 93.00, 98.00, 99.00, 92.00, 96.00, 93.00, 99.00, 97.00, 95.88, 99.00, 92.00, 95.00, 90.00, 94.00, 72.00, 89.00, '2023-2024'),
(496, '778899001122', '1000035', 38, '12', 'Q1', 93.00, 97.00, 92.00, 95.00, 97.00, 92.00, 89.00, 93.00, 93.50, 98.00, 89.00, 97.00, 97.00, 95.25, 60.00, 88.00, '2024-2025'),
(497, '234567890123', '1000022', 32, '11', 'Q4', 98.00, 94.00, 98.00, 96.00, 90.00, 92.00, 93.00, 91.00, 94.00, 96.00, 97.00, 95.00, 99.00, 96.75, 70.00, 91.00, '2024-2025'),
(498, '762490183657', '8364721', 53, '12', 'Q1', 99.00, 90.00, 89.00, 95.00, 99.00, 89.00, 91.00, 91.00, 92.88, 92.00, 98.00, 92.00, 91.00, 93.25, 68.00, 86.00, '2024-2025'),
(500, '123456789012', '1000022', 32, '11', 'Q3', 89.00, 89.00, 89.00, 99.00, 96.00, 97.00, 95.00, 96.00, 93.75, 96.00, 92.00, 96.00, 91.00, 93.75, 68.00, 89.00, '2024-2025'),
(502, '112233445566', '1000034', 37, '12', 'Q1', 97.00, 94.00, 92.00, 89.00, 93.00, 96.00, 91.00, 99.00, 93.88, 91.00, 93.00, 92.00, 92.00, 92.00, 82.00, 90.00, '2024-2025'),
(503, '401726150119', '1000008', 2, '11', 'Q1', 95.00, 95.00, 90.00, 99.00, 93.00, 99.00, 95.00, 92.00, 94.75, 95.00, 90.00, 99.00, 90.00, 93.50, 62.00, 86.00, '2023-2024'),
(504, '401726150119', '1000004', 1, '11', 'Q1', 90.00, 99.00, 94.00, 94.00, 99.00, 93.00, 99.00, 96.00, 95.50, 96.00, 90.00, 97.00, 91.00, 93.50, 88.00, 93.00, '2023-2024'),
(505, '223344556677', '1000034', 37, '12', 'Q3', 95.00, 91.00, 90.00, 91.00, 95.00, 93.00, 92.00, 90.00, 92.13, 98.00, 97.00, 93.00, 97.00, 96.25, 74.00, 91.00, '2024-2025'),
(506, '100122334455', '1000005', 9, '11', 'Q3', 93.00, 95.00, 98.00, 94.00, 98.00, 89.00, 93.00, 98.00, 94.75, 92.00, 89.00, 89.00, 90.00, 90.00, 90.00, 91.00, '2023-2024'),
(507, '549372186024', '1000013', 19, '11', 'Q1', 89.00, 93.00, 98.00, 89.00, 97.00, 97.00, 94.00, 90.00, 93.38, 92.00, 89.00, 94.00, 91.00, 91.50, 84.00, 90.00, '2023-2024'),
(508, '185620937415', '1000005', 43, '11', 'Q4', 93.00, 96.00, 89.00, 90.00, 96.00, 90.00, 94.00, 91.00, 92.38, 96.00, 94.00, 96.00, 96.00, 95.50, 94.00, 94.00, '2023-2024'),
(510, '334455667788', '1000030', 38, '12', 'Q2', 99.00, 91.00, 94.00, 99.00, 99.00, 91.00, 90.00, 98.00, 95.13, 90.00, 90.00, 89.00, 99.00, 92.00, 78.00, 90.00, '2024-2025'),
(511, '890123456789', '1000004', 26, '12', 'Q3', 93.00, 97.00, 95.00, 95.00, 91.00, 92.00, 98.00, 93.00, 94.25, 94.00, 92.00, 99.00, 98.00, 95.75, 90.00, 94.00, '2024-2025'),
(512, '889900112233', '1000017', 12, '12', 'Q1', 89.00, 91.00, 90.00, 99.00, 94.00, 96.00, 98.00, 91.00, 93.50, 94.00, 98.00, 97.00, 92.00, 95.25, 76.00, 90.00, '2024-2025'),
(514, '549372186024', '1000029', 28, '12', 'Q3', 99.00, 94.00, 97.00, 92.00, 91.00, 91.00, 93.00, 92.00, 93.63, 95.00, 96.00, 99.00, 95.00, 96.25, 90.00, 94.00, '2024-2025'),
(515, '401726150119', '1000014', 13, '12', 'Q2', 94.00, 96.00, 89.00, 98.00, 92.00, 90.00, 94.00, 91.00, 93.00, 94.00, 99.00, 89.00, 95.00, 94.25, 88.00, 92.00, '2024-2025'),
(518, '925604731892', '1000034', 31, '11', 'Q4', 95.00, 94.00, 98.00, 98.00, 94.00, 98.00, 99.00, 90.00, 95.75, 96.00, 89.00, 91.00, 98.00, 93.50, 66.00, 86.00, '2024-2025'),
(519, '901234567890', '1000035', 22, '11', 'Q3', 97.00, 90.00, 94.00, 90.00, 89.00, 97.00, 99.00, 91.00, 93.38, 93.00, 92.00, 91.00, 91.00, 91.75, 88.00, 91.00, '2023-2024'),
(520, '901234567890', '1000038', 36, '11', 'Q4', 97.00, 96.00, 99.00, 97.00, 98.00, 99.00, 93.00, 89.00, 96.00, 99.00, 96.00, 96.00, 93.00, 96.00, 64.00, 90.00, '2023-2024'),
(521, '100122334455', '1000008', 2, '11', 'Q1', 99.00, 92.00, 96.00, 91.00, 93.00, 91.00, 97.00, 92.00, 93.88, 93.00, 97.00, 98.00, 98.00, 96.50, 76.00, 91.00, '2023-2024'),
(522, '445566778899', '1000033', 36, '11', 'Q4', 96.00, 96.00, 95.00, 98.00, 95.00, 93.00, 92.00, 91.00, 94.50, 90.00, 89.00, 99.00, 95.00, 93.25, 92.00, 93.00, '2023-2024');
INSERT INTO `grades` (`GradeID`, `LRN`, `TeacherID`, `SubjectID`, `Grade`, `quarter`, `ww1`, `ww2`, `ww3`, `ww4`, `qz1`, `qz2`, `qz3`, `qz4`, `ww_qz_average`, `pt1`, `pt2`, `pt3`, `pt4`, `pt_average`, `qa`, `quarter_grade`, `SchoolYear`) VALUES
(524, '345678901234', '1000022', 32, '11', 'Q3', 97.00, 96.00, 89.00, 92.00, 94.00, 92.00, 92.00, 96.00, 93.50, 91.00, 92.00, 99.00, 94.00, 94.00, 90.00, 93.00, '2024-2025'),
(528, '889900112233', '1000009', 6, '11', 'Q2', 91.00, 94.00, 96.00, 97.00, 89.00, 99.00, 96.00, 95.00, 94.63, 99.00, 97.00, 90.00, 92.00, 94.50, 76.00, 90.00, '2023-2024'),
(529, '667788990011', '1000005', 3, '11', 'Q2', 94.00, 94.00, 99.00, 92.00, 97.00, 99.00, 91.00, 93.00, 94.88, 91.00, 99.00, 90.00, 99.00, 94.75, 86.00, 93.00, '2023-2024'),
(530, '556677889900', '1000034', 22, '11', 'Q3', 95.00, 94.00, 94.00, 89.00, 98.00, 99.00, 92.00, 97.00, 94.75, 99.00, 92.00, 97.00, 99.00, 96.75, 70.00, 91.00, '2023-2024'),
(531, '901234567890', '1000017', 35, '11', 'Q1', 90.00, 98.00, 97.00, 91.00, 98.00, 97.00, 91.00, 98.00, 95.00, 95.00, 93.00, 90.00, 94.00, 93.00, 70.00, 89.00, '2023-2024'),
(532, '667788990011', '1000009', 6, '11', 'Q2', 99.00, 90.00, 98.00, 98.00, 98.00, 95.00, 91.00, 96.00, 95.63, 95.00, 98.00, 94.00, 89.00, 94.00, 82.00, 91.00, '2023-2024'),
(533, '112233445566', '1000022', 32, '11', 'Q4', 99.00, 99.00, 99.00, 97.00, 89.00, 99.00, 95.00, 90.00, 95.88, 89.00, 96.00, 90.00, 95.00, 92.50, 96.00, 94.00, '2023-2024'),
(535, '958314720193', '1000034', 34, '12', 'Q1', 92.00, 95.00, 91.00, 90.00, 89.00, 99.00, 97.00, 96.00, 93.63, 90.00, 95.00, 95.00, 89.00, 92.25, 60.00, 83.00, '2024-2025'),
(536, '845329710584', '1000035', 54, '12', 'Q1', 99.00, 96.00, 96.00, 94.00, 91.00, 95.00, 91.00, 94.00, 94.50, 98.00, 96.00, 99.00, 97.00, 97.50, 72.00, 92.00, '2024-2025'),
(538, '778899001122', '1000011', 32, '11', 'Q3', 89.00, 90.00, 95.00, 92.00, 89.00, 90.00, 93.00, 99.00, 92.13, 92.00, 96.00, 93.00, 90.00, 92.75, 82.00, 90.00, '2023-2024'),
(539, '901234567890', '1000032', 33, '12', 'Q2', 89.00, 97.00, 97.00, 94.00, 92.00, 90.00, 95.00, 95.00, 93.63, 92.00, 97.00, 96.00, 93.00, 94.50, 94.00, 94.00, '2024-2025'),
(541, '667788990011', '1000006', 4, '11', 'Q2', 92.00, 94.00, 95.00, 92.00, 97.00, 99.00, 93.00, 89.00, 93.88, 92.00, 92.00, 95.00, 99.00, 94.50, 86.00, 92.00, '2023-2024'),
(542, '012345678901', '1000025', 29, '12', 'Q3', 94.00, 98.00, 97.00, 89.00, 99.00, 97.00, 89.00, 99.00, 95.25, 93.00, 90.00, 93.00, 97.00, 93.25, 90.00, 93.00, '2024-2025'),
(545, '112233445566', '1000002', 29, '12', 'Q3', 98.00, 94.00, 99.00, 92.00, 95.00, 90.00, 99.00, 92.00, 94.88, 98.00, 90.00, 89.00, 98.00, 93.75, 96.00, 94.00, '2024-2025'),
(546, '845329710584', '1000034', 37, '12', 'Q3', 90.00, 90.00, 92.00, 91.00, 91.00, 93.00, 92.00, 94.00, 91.63, 96.00, 95.00, 99.00, 90.00, 95.00, 66.00, 89.00, '2024-2025'),
(547, '925604731892', '1000028', 42, '11', 'Q4', 93.00, 89.00, 90.00, 95.00, 93.00, 91.00, 90.00, 89.00, 91.25, 96.00, 92.00, 94.00, 96.00, 94.50, 66.00, 85.00, '2024-2025'),
(548, '276481593047', '1000016', 42, '11', 'Q4', 91.00, 89.00, 94.00, 91.00, 97.00, 90.00, 92.00, 93.00, 92.13, 98.00, 91.00, 92.00, 91.00, 93.00, 70.00, 86.00, '2024-2025'),
(550, '223344556677', '1000035', 54, '12', 'Q1', 95.00, 97.00, 89.00, 89.00, 98.00, 91.00, 93.00, 96.00, 93.50, 99.00, 97.00, 89.00, 98.00, 95.75, 90.00, 94.00, '2024-2025'),
(552, '678901234567', '1000038', 36, '11', 'Q4', 94.00, 95.00, 93.00, 94.00, 90.00, 92.00, 91.00, 91.00, 92.50, 94.00, 99.00, 99.00, 98.00, 97.50, 64.00, 90.00, '2023-2024'),
(553, '925604731892', '1000016', 42, '11', 'Q3', 99.00, 96.00, 98.00, 89.00, 96.00, 92.00, 95.00, 90.00, 94.38, 95.00, 98.00, 93.00, 93.00, 94.75, 74.00, 88.00, '2024-2025'),
(554, '334455667788', '1000034', 37, '12', 'Q1', 95.00, 89.00, 95.00, 99.00, 99.00, 98.00, 91.00, 98.00, 95.50, 94.00, 97.00, 96.00, 98.00, 96.25, 76.00, 92.00, '2024-2025'),
(555, '549372186024', '8364721', 53, '12', 'Q2', 95.00, 90.00, 97.00, 92.00, 92.00, 94.00, 96.00, 99.00, 94.38, 94.00, 97.00, 92.00, 90.00, 93.25, 64.00, 85.00, '2024-2025'),
(557, '678901234567', '1000017', 35, '11', 'Q2', 98.00, 93.00, 95.00, 95.00, 92.00, 95.00, 90.00, 98.00, 94.50, 89.00, 94.00, 93.00, 93.00, 92.25, 66.00, 87.00, '2023-2024'),
(558, '990011223344', '1000011', 32, '11', 'Q4', 93.00, 97.00, 93.00, 98.00, 89.00, 96.00, 91.00, 91.00, 93.50, 94.00, 99.00, 99.00, 99.00, 97.75, 84.00, 94.00, '2023-2024'),
(560, '889900112233', '1000012', 33, '12', 'Q2', 94.00, 94.00, 97.00, 96.00, 99.00, 98.00, 92.00, 98.00, 96.00, 94.00, 89.00, 97.00, 97.00, 94.25, 78.00, 91.00, '2024-2025'),
(561, '778899001122', '1000014', 13, '12', 'Q2', 99.00, 97.00, 91.00, 99.00, 98.00, 94.00, 99.00, 90.00, 95.88, 98.00, 99.00, 92.00, 97.00, 96.50, 80.00, 92.00, '2024-2025'),
(562, '100122334455', '1000009', 6, '11', 'Q2', 92.00, 93.00, 91.00, 99.00, 89.00, 91.00, 98.00, 99.00, 94.00, 90.00, 96.00, 91.00, 98.00, 93.75, 66.00, 87.00, '2023-2024'),
(563, '990011223344', '1000005', 3, '11', 'Q2', 98.00, 95.00, 93.00, 92.00, 93.00, 89.00, 99.00, 94.00, 94.13, 97.00, 91.00, 99.00, 90.00, 94.25, 68.00, 88.00, '2023-2024'),
(564, '345678901234', '1000027', 20, '11', 'Q2', 96.00, 99.00, 96.00, 96.00, 92.00, 92.00, 99.00, 94.00, 95.50, 98.00, 95.00, 94.00, 95.00, 95.50, 90.00, 94.00, '2024-2025'),
(565, '778899001122', '1000015', 54, '12', 'Q1', 91.00, 91.00, 94.00, 98.00, 95.00, 95.00, 99.00, 90.00, 94.13, 97.00, 95.00, 94.00, 95.00, 95.25, 64.00, 89.00, '2024-2025'),
(566, '778899001122', '1000011', 32, '11', 'Q4', 93.00, 93.00, 97.00, 96.00, 99.00, 97.00, 99.00, 93.00, 95.88, 91.00, 97.00, 91.00, 96.00, 93.75, 74.00, 90.00, '2023-2024'),
(567, '112233445566', '1000030', 38, '12', 'Q2', 97.00, 94.00, 92.00, 90.00, 98.00, 96.00, 96.00, 95.00, 94.75, 96.00, 97.00, 96.00, 90.00, 94.75, 78.00, 91.00, '2024-2025'),
(568, '762490183657', '1000011', 47, '12', 'Q2', 96.00, 91.00, 97.00, 91.00, 89.00, 92.00, 95.00, 97.00, 93.50, 92.00, 90.00, 96.00, 99.00, 94.25, 70.00, 87.00, '2024-2025'),
(569, '778899001122', '1000017', 12, '12', 'Q1', 97.00, 92.00, 92.00, 96.00, 93.00, 99.00, 93.00, 93.00, 94.38, 98.00, 98.00, 95.00, 96.00, 96.75, 60.00, 87.00, '2024-2025'),
(570, '100122334455', '1000004', 1, '11', 'Q2', 89.00, 98.00, 93.00, 91.00, 90.00, 97.00, 93.00, 96.00, 93.38, 91.00, 99.00, 92.00, 96.00, 94.50, 68.00, 88.00, '2023-2024'),
(571, '889900112233', '1000015', 54, '12', 'Q2', 99.00, 92.00, 97.00, 98.00, 89.00, 95.00, 99.00, 98.00, 95.88, 95.00, 92.00, 95.00, 91.00, 93.25, 64.00, 88.00, '2024-2025'),
(572, '845329710584', '1000033', 36, '11', 'Q4', 99.00, 94.00, 94.00, 90.00, 91.00, 97.00, 99.00, 96.00, 95.00, 92.00, 97.00, 98.00, 97.00, 96.00, 94.00, 95.00, '2023-2024'),
(573, '901234567890', '1000025', 29, '12', 'Q3', 95.00, 98.00, 92.00, 90.00, 96.00, 98.00, 94.00, 97.00, 95.00, 93.00, 95.00, 97.00, 91.00, 94.00, 60.00, 87.00, '2024-2025'),
(575, '762490183657', '1000013', 52, '12', 'Q3', 99.00, 92.00, 97.00, 98.00, 99.00, 90.00, 99.00, 91.00, 95.63, 94.00, 95.00, 94.00, 96.00, 94.75, 84.00, 92.00, '2024-2025'),
(576, '445566778899', '1000020', 39, '12', 'Q3', 90.00, 89.00, 96.00, 90.00, 96.00, 91.00, 99.00, 99.00, 93.75, 99.00, 90.00, 95.00, 94.00, 94.50, 94.00, 94.00, '2024-2025'),
(578, '593720468251', '1000022', 32, '11', 'Q4', 99.00, 99.00, 99.00, 89.00, 91.00, 89.00, 96.00, 99.00, 95.13, 89.00, 91.00, 89.00, 94.00, 90.75, 78.00, 89.00, '2024-2025'),
(579, '778899001122', '1000008', 2, '11', 'Q2', 99.00, 96.00, 97.00, 97.00, 94.00, 90.00, 91.00, 95.00, 94.88, 93.00, 92.00, 93.00, 98.00, 94.00, 90.00, 93.00, '2023-2024'),
(581, '778899001122', '1000004', 7, '11', 'Q3', 95.00, 89.00, 94.00, 94.00, 97.00, 93.00, 97.00, 94.00, 94.13, 93.00, 93.00, 99.00, 95.00, 95.00, 78.00, 91.00, '2023-2024'),
(582, '593720468251', '1000027', 20, '11', 'Q1', 95.00, 92.00, 96.00, 94.00, 94.00, 89.00, 96.00, 93.00, 93.63, 97.00, 97.00, 93.00, 99.00, 96.50, 98.00, 96.00, '2024-2025'),
(583, '445566778899', '1000030', 38, '12', 'Q1', 99.00, 92.00, 94.00, 98.00, 96.00, 97.00, 89.00, 97.00, 95.25, 95.00, 96.00, 95.00, 90.00, 94.00, 78.00, 91.00, '2024-2025'),
(584, '334455667788', '1000035', 54, '12', 'Q1', 99.00, 94.00, 96.00, 89.00, 99.00, 96.00, 96.00, 90.00, 94.88, 95.00, 94.00, 96.00, 99.00, 96.00, 76.00, 92.00, '2024-2025'),
(585, '593720468251', '1000008', 20, '11', 'Q2', 98.00, 91.00, 94.00, 98.00, 99.00, 91.00, 89.00, 97.00, 94.63, 95.00, 95.00, 93.00, 91.00, 93.50, 88.00, 93.00, '2024-2025'),
(586, '990011223344', '1000035', 38, '12', 'Q2', 89.00, 97.00, 96.00, 90.00, 95.00, 93.00, 92.00, 92.00, 93.00, 95.00, 90.00, 98.00, 98.00, 95.25, 76.00, 91.00, '2024-2025'),
(587, '990011223344', '1000008', 2, '11', 'Q1', 94.00, 90.00, 89.00, 89.00, 89.00, 99.00, 94.00, 99.00, 92.88, 89.00, 95.00, 96.00, 94.00, 93.50, 98.00, 94.00, '2023-2024'),
(588, '012345678901', '1000032', 33, '12', 'Q2', 93.00, 99.00, 97.00, 98.00, 98.00, 97.00, 93.00, 97.00, 96.50, 95.00, 97.00, 98.00, 90.00, 95.00, 78.00, 92.00, '2024-2025'),
(589, '549372186024', '1000006', 43, '11', 'Q3', 94.00, 90.00, 92.00, 91.00, 90.00, 98.00, 91.00, 91.00, 92.13, 95.00, 89.00, 96.00, 91.00, 92.75, 82.00, 89.00, '2023-2024'),
(591, '643821509274', '8364721', 53, '12', 'Q2', 94.00, 89.00, 97.00, 95.00, 98.00, 95.00, 92.00, 96.00, 94.50, 95.00, 97.00, 90.00, 91.00, 93.25, 72.00, 87.00, '2024-2025'),
(593, '667788990011', '1000014', 13, '12', 'Q2', 95.00, 92.00, 99.00, 95.00, 90.00, 89.00, 98.00, 89.00, 93.38, 95.00, 97.00, 90.00, 91.00, 93.25, 62.00, 85.00, '2024-2025'),
(594, '789012345678', '1000021', 20, '11', 'Q1', 95.00, 99.00, 99.00, 97.00, 99.00, 93.00, 93.00, 96.00, 96.38, 91.00, 91.00, 92.00, 90.00, 91.00, 68.00, 87.00, '2023-2024'),
(595, '401726150119', '1000004', 7, '11', 'Q3', 91.00, 93.00, 92.00, 94.00, 95.00, 94.00, 95.00, 94.00, 93.50, 98.00, 96.00, 96.00, 95.00, 96.25, 94.00, 95.00, '2023-2024'),
(596, '990011223344', '1000005', 9, '11', 'Q4', 94.00, 94.00, 99.00, 91.00, 91.00, 94.00, 96.00, 90.00, 93.63, 95.00, 92.00, 99.00, 97.00, 95.75, 94.00, 95.00, '2023-2024'),
(598, '401726150119', '1000017', 12, '12', 'Q1', 97.00, 93.00, 98.00, 89.00, 96.00, 92.00, 94.00, 94.00, 94.13, 90.00, 90.00, 93.00, 94.00, 91.75, 84.00, 90.00, '2024-2025'),
(599, '789012345678', '1000021', 20, '11', 'Q2', 89.00, 90.00, 94.00, 90.00, 89.00, 89.00, 90.00, 93.00, 90.50, 95.00, 97.00, 90.00, 93.00, 93.75, 80.00, 90.00, '2023-2024'),
(600, '100122334455', '1000010', 22, '11', 'Q4', 94.00, 90.00, 90.00, 92.00, 91.00, 91.00, 92.00, 98.00, 92.25, 93.00, 95.00, 96.00, 96.00, 95.00, 88.00, 93.00, '2023-2024'),
(601, '678901234567', '1000009', 39, '12', 'Q3', 92.00, 92.00, 94.00, 97.00, 89.00, 89.00, 92.00, 90.00, 91.88, 98.00, 97.00, 91.00, 97.00, 95.75, 64.00, 89.00, '2024-2025'),
(602, '223344556677', '1000034', 22, '11', 'Q4', 99.00, 97.00, 99.00, 93.00, 91.00, 99.00, 91.00, 90.00, 94.88, 98.00, 90.00, 99.00, 95.00, 95.50, 72.00, 91.00, '2023-2024'),
(603, '845329710584', '1000035', 54, '12', 'Q2', 89.00, 90.00, 95.00, 95.00, 91.00, 91.00, 96.00, 95.00, 92.75, 90.00, 96.00, 99.00, 97.00, 95.50, 76.00, 91.00, '2024-2025'),
(604, '012345678901', '1000021', 20, '11', 'Q1', 98.00, 98.00, 95.00, 93.00, 92.00, 90.00, 99.00, 94.00, 94.88, 92.00, 93.00, 97.00, 98.00, 95.00, 60.00, 88.00, '2023-2024'),
(605, '185620937415', '8364721', 53, '12', 'Q1', 99.00, 99.00, 91.00, 99.00, 92.00, 97.00, 98.00, 98.00, 96.63, 99.00, 90.00, 98.00, 97.00, 96.00, 92.00, 95.00, '2024-2025'),
(607, '990011223344', '1000014', 13, '12', 'Q1', 96.00, 97.00, 95.00, 99.00, 96.00, 97.00, 98.00, 98.00, 97.00, 97.00, 91.00, 97.00, 93.00, 94.50, 98.00, 96.00, '2024-2025'),
(608, '667788990011', '1000012', 33, '12', 'Q2', 95.00, 91.00, 91.00, 93.00, 94.00, 91.00, 97.00, 91.00, 92.88, 95.00, 91.00, 93.00, 95.00, 93.50, 80.00, 91.00, '2024-2025'),
(609, '667788990011', '1000008', 2, '11', 'Q2', 97.00, 97.00, 93.00, 89.00, 96.00, 93.00, 98.00, 89.00, 94.00, 96.00, 93.00, 99.00, 92.00, 95.00, 84.00, 92.00, '2023-2024'),
(610, '990011223344', '1000007', 11, '11', 'Q4', 93.00, 94.00, 89.00, 96.00, 94.00, 92.00, 99.00, 98.00, 94.38, 95.00, 91.00, 94.00, 98.00, 94.50, 84.00, 92.00, '2023-2024'),
(612, '643821509274', '1000034', 34, '12', 'Q1', 99.00, 92.00, 96.00, 93.00, 90.00, 92.00, 90.00, 99.00, 93.88, 92.00, 95.00, 89.00, 95.00, 92.75, 64.00, 84.00, '2024-2025'),
(615, '334455667788', '1000002', 29, '12', 'Q3', 91.00, 99.00, 89.00, 93.00, 98.00, 89.00, 97.00, 94.00, 93.75, 93.00, 94.00, 92.00, 98.00, 94.25, 92.00, 94.00, '2024-2025'),
(616, '730285419367', '1000034', 31, '11', 'Q3', 93.00, 97.00, 96.00, 99.00, 89.00, 89.00, 90.00, 93.00, 93.25, 97.00, 94.00, 92.00, 98.00, 95.25, 86.00, 92.00, '2024-2025'),
(617, '889900112233', '1000009', 6, '11', 'Q1', 94.00, 93.00, 93.00, 89.00, 90.00, 91.00, 99.00, 99.00, 93.50, 89.00, 93.00, 96.00, 94.00, 93.00, 94.00, 93.00, '2023-2024'),
(618, '890123456789', '1000035', 22, '11', 'Q4', 91.00, 98.00, 95.00, 92.00, 98.00, 92.00, 99.00, 98.00, 95.38, 91.00, 98.00, 95.00, 93.00, 94.25, 74.00, 90.00, '2023-2024'),
(619, '012345678901', '1000038', 32, '11', 'Q3', 98.00, 93.00, 96.00, 99.00, 96.00, 94.00, 93.00, 96.00, 95.63, 90.00, 95.00, 96.00, 95.00, 94.00, 70.00, 90.00, '2023-2024'),
(620, '334455667788', '1000022', 32, '11', 'Q4', 95.00, 98.00, 94.00, 99.00, 91.00, 93.00, 93.00, 98.00, 95.13, 99.00, 91.00, 90.00, 99.00, 94.75, 68.00, 89.00, '2023-2024'),
(623, '990011223344', '1000038', 38, '12', 'Q1', 99.00, 92.00, 97.00, 96.00, 90.00, 96.00, 98.00, 94.00, 95.25, 97.00, 94.00, 89.00, 95.00, 93.75, 68.00, 89.00, '2024-2025'),
(625, '401726150119', '1000006', 4, '11', 'Q1', 95.00, 91.00, 94.00, 99.00, 89.00, 94.00, 90.00, 92.00, 93.00, 91.00, 92.00, 95.00, 92.00, 92.50, 84.00, 91.00, '2023-2024'),
(626, '778899001122', '1000007', 20, '11', 'Q1', 92.00, 93.00, 92.00, 91.00, 91.00, 92.00, 89.00, 93.00, 91.63, 96.00, 90.00, 94.00, 92.00, 93.00, 72.00, 89.00, '2023-2024'),
(627, '549372186024', '1000003', 19, '11', 'Q2', 95.00, 95.00, 91.00, 91.00, 92.00, 91.00, 89.00, 97.00, 92.63, 94.00, 91.00, 95.00, 91.00, 92.75, 90.00, 92.00, '2023-2024'),
(628, '556677889900', '1000034', 37, '12', 'Q1', 91.00, 91.00, 94.00, 97.00, 94.00, 99.00, 90.00, 90.00, 93.25, 92.00, 90.00, 96.00, 99.00, 94.25, 92.00, 94.00, '2024-2025'),
(630, '889900112233', '1000024', 36, '11', 'Q3', 93.00, 96.00, 91.00, 90.00, 99.00, 91.00, 93.00, 91.00, 93.00, 89.00, 95.00, 95.00, 93.00, 93.00, 92.00, 93.00, '2023-2024'),
(631, '334455667788', '1000034', 22, '11', 'Q3', 99.00, 92.00, 97.00, 97.00, 97.00, 94.00, 90.00, 92.00, 94.75, 92.00, 92.00, 97.00, 89.00, 92.50, 88.00, 92.00, '2023-2024'),
(632, '100122334455', '1000014', 13, '12', 'Q2', 99.00, 95.00, 90.00, 98.00, 98.00, 98.00, 97.00, 89.00, 95.50, 90.00, 92.00, 91.00, 90.00, 90.75, 64.00, 85.00, '2024-2025'),
(634, '958314720193', '1000034', 34, '12', 'Q2', 89.00, 95.00, 98.00, 96.00, 95.00, 89.00, 92.00, 95.00, 93.63, 89.00, 92.00, 93.00, 91.00, 91.25, 74.00, 87.00, '2024-2025'),
(635, '789012345678', '1000035', 22, '11', 'Q3', 92.00, 91.00, 91.00, 95.00, 89.00, 96.00, 91.00, 91.00, 92.00, 92.00, 89.00, 99.00, 99.00, 94.75, 86.00, 92.00, '2023-2024'),
(636, '990011223344', '1000009', 6, '11', 'Q1', 93.00, 95.00, 96.00, 97.00, 95.00, 95.00, 91.00, 93.00, 94.38, 94.00, 89.00, 97.00, 96.00, 94.00, 62.00, 86.00, '2023-2024'),
(637, '482613970245', '1000034', 31, '11', 'Q3', 95.00, 93.00, 91.00, 99.00, 99.00, 90.00, 95.00, 94.00, 94.50, 96.00, 89.00, 91.00, 90.00, 91.50, 74.00, 87.00, '2024-2025'),
(638, '890123456789', '1000032', 35, '11', 'Q1', 96.00, 98.00, 92.00, 89.00, 89.00, 91.00, 90.00, 98.00, 92.88, 89.00, 94.00, 94.00, 89.00, 91.50, 82.00, 90.00, '2023-2024'),
(639, '990011223344', '1000014', 13, '12', 'Q2', 89.00, 93.00, 98.00, 91.00, 94.00, 98.00, 98.00, 97.00, 94.75, 92.00, 91.00, 99.00, 91.00, 93.25, 96.00, 94.00, '2024-2025'),
(641, '789012345678', '1000032', 35, '11', 'Q1', 93.00, 92.00, 90.00, 97.00, 93.00, 96.00, 91.00, 91.00, 92.88, 92.00, 97.00, 99.00, 93.00, 95.25, 88.00, 93.00, '2023-2024'),
(642, '123456789012', '1000027', 20, '11', 'Q2', 95.00, 92.00, 98.00, 91.00, 98.00, 92.00, 89.00, 90.00, 93.13, 96.00, 99.00, 95.00, 91.00, 95.25, 98.00, 95.00, '2024-2025'),
(643, '889900112233', '1000010', 22, '11', 'Q3', 93.00, 90.00, 94.00, 91.00, 97.00, 98.00, 89.00, 96.00, 93.50, 92.00, 96.00, 93.00, 90.00, 92.75, 86.00, 92.00, '2023-2024'),
(644, '445566778899', '1000034', 37, '12', 'Q2', 93.00, 99.00, 93.00, 91.00, 99.00, 90.00, 97.00, 94.00, 94.50, 99.00, 93.00, 92.00, 92.00, 94.00, 76.00, 91.00, '2024-2025'),
(646, '847193620584', '1000028', 42, '11', 'Q3', 97.00, 91.00, 99.00, 98.00, 94.00, 90.00, 99.00, 93.00, 95.13, 90.00, 94.00, 90.00, 90.00, 91.00, 62.00, 83.00, '2024-2025'),
(647, '643821509274', '1000009', 47, '12', 'Q2', 91.00, 98.00, 98.00, 96.00, 98.00, 91.00, 94.00, 99.00, 95.63, 89.00, 93.00, 98.00, 90.00, 92.50, 66.00, 85.00, '2024-2025'),
(648, '401726150119', '1000005', 9, '11', 'Q3', 97.00, 99.00, 94.00, 95.00, 94.00, 98.00, 97.00, 91.00, 95.63, 99.00, 98.00, 95.00, 94.00, 96.50, 84.00, 93.00, '2023-2024'),
(649, '456789012345', '1000022', 32, '11', 'Q3', 92.00, 94.00, 95.00, 92.00, 97.00, 89.00, 89.00, 98.00, 93.25, 90.00, 90.00, 94.00, 97.00, 92.75, 86.00, 92.00, '2024-2025'),
(650, '789012345678', '1000038', 36, '11', 'Q4', 89.00, 89.00, 89.00, 99.00, 98.00, 94.00, 98.00, 99.00, 94.38, 89.00, 93.00, 89.00, 97.00, 92.00, 78.00, 90.00, '2023-2024'),
(651, '012345678901', '1000038', 36, '11', 'Q4', 92.00, 98.00, 92.00, 89.00, 90.00, 96.00, 98.00, 92.00, 93.38, 90.00, 95.00, 94.00, 98.00, 94.25, 70.00, 89.00, '2023-2024'),
(652, '667788990011', '1000005', 3, '11', 'Q1', 98.00, 92.00, 99.00, 89.00, 90.00, 93.00, 99.00, 92.00, 94.00, 97.00, 99.00, 95.00, 98.00, 97.25, 96.00, 96.00, '2023-2024'),
(654, '012345678901', '1000004', 26, '12', 'Q3', 92.00, 96.00, 90.00, 97.00, 92.00, 93.00, 89.00, 90.00, 92.38, 96.00, 96.00, 93.00, 98.00, 95.75, 92.00, 94.00, '2024-2025'),
(655, '100122334455', '1000007', 11, '11', 'Q4', 91.00, 97.00, 89.00, 89.00, 99.00, 94.00, 98.00, 97.00, 94.25, 92.00, 92.00, 93.00, 90.00, 91.75, 74.00, 88.00, '2023-2024'),
(656, '789012345678', '1000032', 29, '12', 'Q3', 97.00, 89.00, 90.00, 95.00, 95.00, 91.00, 93.00, 89.00, 92.38, 91.00, 89.00, 95.00, 98.00, 93.25, 78.00, 90.00, '2024-2025'),
(657, '556677889900', '1000002', 29, '12', 'Q3', 99.00, 97.00, 89.00, 89.00, 98.00, 92.00, 89.00, 93.00, 93.25, 95.00, 89.00, 90.00, 96.00, 92.50, 66.00, 87.00, '2024-2025'),
(658, '667788990011', '1000006', 10, '11', 'Q3', 98.00, 91.00, 92.00, 98.00, 93.00, 93.00, 96.00, 93.00, 94.25, 99.00, 93.00, 90.00, 95.00, 94.25, 80.00, 91.00, '2023-2024'),
(659, '234567890123', '1000027', 20, '11', 'Q2', 97.00, 90.00, 96.00, 97.00, 89.00, 96.00, 92.00, 95.00, 94.00, 97.00, 93.00, 93.00, 90.00, 93.25, 62.00, 87.00, '2024-2025'),
(660, '845329710584', '1000034', 30, '12', 'Q3', 89.00, 95.00, 96.00, 95.00, 90.00, 97.00, 95.00, 93.00, 93.75, 95.00, 94.00, 98.00, 95.00, 95.50, 90.00, 94.00, '2024-2025'),
(661, '778899001122', '1000008', 8, '11', 'Q3', 99.00, 91.00, 90.00, 91.00, 94.00, 90.00, 99.00, 92.00, 93.25, 96.00, 95.00, 98.00, 94.00, 95.75, 84.00, 92.00, '2023-2024'),
(662, '316472958031', '1000032', 42, '11', 'Q4', 98.00, 89.00, 92.00, 97.00, 95.00, 98.00, 92.00, 92.00, 94.13, 92.00, 98.00, 93.00, 94.00, 94.25, 92.00, 94.00, '2024-2025'),
(663, '778899001122', '1000024', 36, '11', 'Q4', 91.00, 90.00, 89.00, 97.00, 97.00, 95.00, 93.00, 93.00, 93.13, 97.00, 94.00, 93.00, 93.00, 94.25, 70.00, 89.00, '2023-2024'),
(664, '901234567890', '1000026', 39, '12', 'Q3', 99.00, 90.00, 98.00, 98.00, 96.00, 98.00, 90.00, 91.00, 95.00, 98.00, 93.00, 96.00, 90.00, 94.25, 98.00, 95.00, '2024-2025'),
(665, '678901234567', '1000032', 33, '12', 'Q2', 94.00, 99.00, 91.00, 90.00, 91.00, 94.00, 97.00, 95.00, 93.88, 96.00, 94.00, 93.00, 96.00, 94.75, 98.00, 95.00, '2024-2025'),
(666, '847193620584', '1000032', 42, '11', 'Q4', 94.00, 98.00, 96.00, 99.00, 93.00, 94.00, 92.00, 99.00, 95.63, 89.00, 89.00, 91.00, 98.00, 91.75, 98.00, 95.00, '2024-2025'),
(667, '762490183657', '1000034', 34, '12', 'Q2', 92.00, 92.00, 96.00, 91.00, 91.00, 95.00, 91.00, 92.00, 92.50, 97.00, 89.00, 99.00, 95.00, 95.00, 96.00, 95.00, '2024-2025'),
(668, '889900112233', '1000006', 10, '11', 'Q4', 94.00, 97.00, 91.00, 90.00, 97.00, 96.00, 99.00, 98.00, 95.25, 91.00, 97.00, 89.00, 99.00, 94.00, 88.00, 93.00, '2023-2024'),
(669, '100122334455', '1000008', 8, '11', 'Q3', 97.00, 90.00, 96.00, 99.00, 94.00, 97.00, 92.00, 93.00, 94.75, 99.00, 93.00, 92.00, 94.00, 94.50, 92.00, 94.00, '2023-2024'),
(672, '667788990011', '1000004', 1, '11', 'Q1', 95.00, 98.00, 93.00, 94.00, 92.00, 98.00, 95.00, 90.00, 94.38, 90.00, 91.00, 97.00, 99.00, 94.25, 98.00, 95.00, '2023-2024'),
(673, '112233445566', '1000034', 22, '11', 'Q3', 90.00, 90.00, 90.00, 92.00, 91.00, 91.00, 95.00, 89.00, 91.00, 95.00, 96.00, 96.00, 93.00, 95.00, 76.00, 90.00, '2023-2024'),
(675, '112233445566', '1000022', 32, '11', 'Q3', 96.00, 94.00, 91.00, 98.00, 94.00, 90.00, 99.00, 95.00, 94.63, 90.00, 96.00, 90.00, 97.00, 93.25, 64.00, 88.00, '2023-2024'),
(676, '889900112233', '1000017', 12, '12', 'Q2', 92.00, 91.00, 93.00, 91.00, 98.00, 96.00, 98.00, 91.00, 93.75, 96.00, 94.00, 94.00, 90.00, 93.50, 74.00, 89.00, '2024-2025'),
(677, '901234567890', '1000017', 35, '11', 'Q2', 90.00, 94.00, 91.00, 93.00, 91.00, 90.00, 90.00, 89.00, 91.00, 98.00, 89.00, 95.00, 99.00, 95.25, 82.00, 92.00, '2023-2024'),
(679, '889900112233', '1000010', 22, '11', 'Q4', 98.00, 94.00, 91.00, 95.00, 91.00, 93.00, 91.00, 90.00, 92.88, 89.00, 95.00, 98.00, 96.00, 94.50, 86.00, 92.00, '2023-2024'),
(680, '012345678901', '1000032', 33, '12', 'Q1', 92.00, 94.00, 91.00, 98.00, 95.00, 94.00, 94.00, 89.00, 93.38, 98.00, 89.00, 95.00, 99.00, 95.25, 88.00, 93.00, '2024-2025'),
(681, '100122334455', '1000035', 38, '12', 'Q2', 94.00, 97.00, 94.00, 90.00, 91.00, 95.00, 92.00, 97.00, 93.75, 98.00, 99.00, 91.00, 90.00, 94.50, 78.00, 91.00, '2024-2025'),
(682, '401726150119', '1000014', 13, '12', 'Q1', 94.00, 89.00, 95.00, 99.00, 97.00, 92.00, 91.00, 90.00, 93.38, 97.00, 97.00, 93.00, 96.00, 95.75, 72.00, 89.00, '2024-2025'),
(683, '112233445566', '1000034', 37, '12', 'Q3', 89.00, 89.00, 91.00, 97.00, 92.00, 92.00, 95.00, 90.00, 91.88, 96.00, 91.00, 90.00, 99.00, 94.00, 64.00, 88.00, '2024-2025'),
(685, '762490183657', '1000029', 28, '12', 'Q3', 90.00, 99.00, 95.00, 99.00, 99.00, 90.00, 96.00, 89.00, 94.63, 90.00, 94.00, 92.00, 99.00, 93.75, 84.00, 91.00, '2024-2025'),
(686, '100122334455', '1000004', 7, '11', 'Q3', 90.00, 91.00, 96.00, 98.00, 92.00, 97.00, 89.00, 96.00, 93.63, 94.00, 94.00, 98.00, 97.00, 95.75, 88.00, 93.00, '2023-2024'),
(687, '100122334455', '1000011', 32, '11', 'Q4', 89.00, 96.00, 92.00, 95.00, 97.00, 89.00, 99.00, 97.00, 94.25, 99.00, 95.00, 89.00, 93.00, 94.00, 94.00, 94.00, '2023-2024'),
(688, '845329710584', '1000034', 37, '12', 'Q2', 89.00, 92.00, 93.00, 90.00, 92.00, 90.00, 97.00, 96.00, 92.38, 97.00, 99.00, 95.00, 98.00, 97.25, 68.00, 90.00, '2024-2025'),
(689, '223344556677', '1000034', 30, '12', 'Q3', 91.00, 99.00, 99.00, 89.00, 94.00, 92.00, 89.00, 90.00, 92.88, 97.00, 94.00, 91.00, 96.00, 94.50, 72.00, 90.00, '2024-2025'),
(690, '401726150119', '1000004', 1, '11', 'Q2', 89.00, 98.00, 93.00, 91.00, 89.00, 96.00, 89.00, 93.00, 92.25, 98.00, 90.00, 91.00, 93.00, 93.00, 62.00, 85.00, '2023-2024'),
(691, '223344556677', '1000035', 54, '12', 'Q2', 90.00, 93.00, 96.00, 90.00, 95.00, 93.00, 92.00, 92.00, 92.63, 95.00, 90.00, 99.00, 92.00, 94.00, 78.00, 91.00, '2024-2025'),
(692, '456789012345', '1000027', 20, '11', 'Q2', 89.00, 96.00, 90.00, 97.00, 93.00, 94.00, 94.00, 89.00, 92.75, 97.00, 95.00, 94.00, 98.00, 96.00, 60.00, 88.00, '2024-2025'),
(693, '112233445566', '1000030', 38, '12', 'Q1', 89.00, 93.00, 90.00, 92.00, 91.00, 89.00, 96.00, 89.00, 91.13, 94.00, 89.00, 89.00, 97.00, 92.25, 84.00, 90.00, '2024-2025'),
(697, '845329710584', '1000031', 39, '12', 'Q3', 93.00, 90.00, 92.00, 90.00, 99.00, 92.00, 95.00, 98.00, 93.63, 97.00, 90.00, 92.00, 90.00, 92.25, 64.00, 87.00, '2024-2025'),
(698, '889900112233', '1000007', 11, '11', 'Q3', 94.00, 91.00, 96.00, 97.00, 96.00, 91.00, 98.00, 98.00, 95.13, 96.00, 98.00, 91.00, 95.00, 95.00, 92.00, 94.00, '2023-2024'),
(702, '100122334455', '1000014', 13, '12', 'Q1', 91.00, 92.00, 90.00, 95.00, 93.00, 94.00, 91.00, 96.00, 92.75, 98.00, 91.00, 92.00, 90.00, 92.75, 90.00, 92.00, '2024-2025'),
(703, '667788990011', '1000035', 38, '12', 'Q1', 94.00, 95.00, 93.00, 91.00, 98.00, 98.00, 94.00, 98.00, 95.13, 96.00, 90.00, 94.00, 90.00, 92.50, 74.00, 89.00, '2024-2025'),
(705, '889900112233', '1000007', 11, '11', 'Q4', 91.00, 95.00, 94.00, 94.00, 91.00, 95.00, 91.00, 90.00, 92.63, 92.00, 91.00, 90.00, 99.00, 93.00, 82.00, 90.00, '2023-2024'),
(706, '401726150119', '1000005', 3, '11', 'Q1', 94.00, 92.00, 92.00, 94.00, 93.00, 96.00, 91.00, 99.00, 93.88, 92.00, 97.00, 96.00, 90.00, 93.75, 84.00, 91.00, '2023-2024'),
(707, '901234567890', '1000035', 22, '11', 'Q4', 93.00, 90.00, 94.00, 89.00, 95.00, 89.00, 93.00, 97.00, 92.50, 96.00, 91.00, 99.00, 91.00, 94.25, 78.00, 91.00, '2023-2024'),
(708, '845329710584', '1000030', 38, '12', 'Q1', 94.00, 94.00, 91.00, 93.00, 94.00, 89.00, 89.00, 98.00, 92.75, 92.00, 97.00, 99.00, 95.00, 95.75, 80.00, 92.00, '2024-2025'),
(709, '890123456789', '1000040', 29, '12', 'Q3', 95.00, 97.00, 98.00, 90.00, 90.00, 91.00, 96.00, 95.00, 94.00, 98.00, 97.00, 89.00, 91.00, 93.75, 64.00, 88.00, '2024-2025'),
(711, '100122334455', '1000012', 33, '12', 'Q1', 99.00, 91.00, 91.00, 93.00, 93.00, 96.00, 91.00, 92.00, 93.25, 97.00, 98.00, 91.00, 93.00, 94.75, 60.00, 88.00, '2024-2025'),
(712, '401726150119', '1000007', 20, '11', 'Q1', 89.00, 91.00, 90.00, 99.00, 94.00, 93.00, 96.00, 89.00, 92.63, 90.00, 95.00, 95.00, 91.00, 92.75, 92.00, 93.00, '2023-2024'),
(713, '643821509274', '1000009', 47, '12', 'Q1', 98.00, 92.00, 98.00, 93.00, 93.00, 98.00, 89.00, 95.00, 94.50, 96.00, 98.00, 93.00, 91.00, 94.50, 98.00, 96.00, '2024-2025'),
(714, '889900112233', '1000006', 4, '11', 'Q2', 98.00, 99.00, 90.00, 89.00, 96.00, 93.00, 98.00, 91.00, 94.25, 92.00, 99.00, 99.00, 99.00, 97.25, 80.00, 92.00, '2023-2024'),
(716, '789012345678', '1000032', 33, '12', 'Q1', 94.00, 92.00, 93.00, 98.00, 89.00, 96.00, 93.00, 97.00, 94.00, 98.00, 89.00, 93.00, 89.00, 92.25, 82.00, 91.00, '2024-2025'),
(717, '889900112233', '1000011', 32, '11', 'Q3', 89.00, 95.00, 94.00, 98.00, 99.00, 91.00, 92.00, 97.00, 94.38, 89.00, 98.00, 92.00, 99.00, 94.50, 76.00, 91.00, '2023-2024'),
(718, '112233445566', '1000020', 39, '12', 'Q3', 96.00, 92.00, 96.00, 94.00, 95.00, 91.00, 93.00, 92.00, 93.63, 92.00, 98.00, 91.00, 93.00, 93.50, 72.00, 89.00, '2024-2025'),
(719, '223344556677', '1000034', 37, '12', 'Q1', 91.00, 91.00, 95.00, 89.00, 96.00, 99.00, 89.00, 90.00, 92.50, 95.00, 97.00, 97.00, 97.00, 96.50, 74.00, 91.00, '2024-2025'),
(720, '667788990011', '1000007', 11, '11', 'Q3', 96.00, 92.00, 92.00, 98.00, 90.00, 89.00, 89.00, 89.00, 91.88, 91.00, 89.00, 91.00, 91.00, 90.50, 92.00, 91.00, '2023-2024'),
(721, '345678901234', '1000008', 20, '11', 'Q1', 93.00, 99.00, 95.00, 90.00, 99.00, 91.00, 92.00, 89.00, 93.50, 90.00, 95.00, 96.00, 96.00, 94.25, 60.00, 87.00, '2024-2025'),
(722, '990011223344', '1000006', 10, '11', 'Q3', 93.00, 96.00, 99.00, 97.00, 98.00, 89.00, 97.00, 96.00, 95.63, 90.00, 94.00, 89.00, 98.00, 92.75, 90.00, 93.00, '2023-2024'),
(723, '762490183657', '1000013', 19, '11', 'Q1', 95.00, 90.00, 90.00, 89.00, 98.00, 90.00, 91.00, 96.00, 92.38, 98.00, 90.00, 91.00, 94.00, 93.25, 86.00, 91.00, '2023-2024'),
(725, '316472958031', '1000028', 42, '11', 'Q3', 93.00, 98.00, 90.00, 99.00, 93.00, 92.00, 93.00, 89.00, 93.38, 99.00, 97.00, 89.00, 98.00, 95.75, 62.00, 85.00, '2024-2025'),
(726, '556677889900', '1000039', 39, '12', 'Q3', 94.00, 93.00, 91.00, 89.00, 93.00, 98.00, 90.00, 92.00, 92.50, 99.00, 97.00, 91.00, 94.00, 95.25, 74.00, 90.00, '2024-2025'),
(727, '643821509274', '1000013', 19, '11', 'Q2', 98.00, 94.00, 95.00, 96.00, 93.00, 90.00, 95.00, 93.00, 94.25, 90.00, 97.00, 91.00, 98.00, 94.00, 84.00, 91.00, '2023-2024'),
(728, '334455667788', '1000027', 39, '12', 'Q3', 95.00, 97.00, 89.00, 98.00, 93.00, 94.00, 92.00, 89.00, 93.38, 92.00, 91.00, 93.00, 90.00, 91.50, 96.00, 93.00, '2024-2025'),
(730, '556677889900', '1000022', 32, '11', 'Q3', 97.00, 91.00, 98.00, 95.00, 90.00, 90.00, 89.00, 89.00, 92.38, 99.00, 96.00, 97.00, 94.00, 96.50, 92.00, 95.00, '2023-2024'),
(731, '889900112233', '1000038', 38, '12', 'Q1', 93.00, 96.00, 89.00, 93.00, 99.00, 95.00, 89.00, 94.00, 93.50, 94.00, 98.00, 97.00, 92.00, 95.25, 72.00, 90.00, '2024-2025'),
(732, '401726150119', '1000011', 32, '11', 'Q3', 95.00, 99.00, 99.00, 97.00, 91.00, 97.00, 90.00, 91.00, 94.88, 97.00, 90.00, 95.00, 93.00, 93.75, 68.00, 89.00, '2023-2024'),
(733, '334455667788', '1000033', 36, '11', 'Q3', 93.00, 96.00, 89.00, 92.00, 94.00, 95.00, 93.00, 92.00, 93.00, 93.00, 98.00, 91.00, 94.00, 94.00, 66.00, 88.00, '2023-2024'),
(734, '556677889900', '1000033', 36, '11', 'Q4', 98.00, 96.00, 98.00, 89.00, 98.00, 90.00, 91.00, 93.00, 94.13, 95.00, 94.00, 99.00, 92.00, 95.00, 62.00, 88.00, '2023-2024'),
(735, '643821509274', '1000005', 43, '11', 'Q3', 95.00, 97.00, 99.00, 95.00, 90.00, 98.00, 99.00, 91.00, 95.50, 91.00, 94.00, 95.00, 96.00, 94.00, 98.00, 96.00, '2023-2024'),
(736, '667788990011', '1000015', 54, '12', 'Q2', 91.00, 98.00, 93.00, 94.00, 94.00, 99.00, 89.00, 95.00, 94.13, 97.00, 91.00, 97.00, 99.00, 96.00, 86.00, 94.00, '2024-2025'),
(737, '667788990011', '1000011', 32, '11', 'Q4', 90.00, 97.00, 92.00, 90.00, 89.00, 95.00, 89.00, 93.00, 91.88, 99.00, 93.00, 91.00, 98.00, 95.25, 72.00, 90.00, '2023-2024'),
(738, '012345678901', '1000019', 39, '12', 'Q3', 90.00, 94.00, 92.00, 99.00, 98.00, 92.00, 90.00, 97.00, 94.00, 94.00, 89.00, 98.00, 92.00, 93.25, 82.00, 91.00, '2024-2025'),
(739, '549372186024', '1000004', 43, '11', 'Q4', 91.00, 97.00, 89.00, 89.00, 99.00, 95.00, 90.00, 89.00, 92.38, 97.00, 97.00, 94.00, 92.00, 95.00, 96.00, 95.00, '2023-2024'),
(740, '762490183657', '1000009', 47, '12', 'Q1', 98.00, 97.00, 94.00, 89.00, 98.00, 91.00, 93.00, 92.00, 94.00, 93.00, 89.00, 89.00, 98.00, 92.25, 60.00, 83.00, '2024-2025'),
(741, '730285419367', '1000028', 42, '11', 'Q3', 97.00, 89.00, 90.00, 93.00, 97.00, 96.00, 90.00, 93.00, 93.13, 98.00, 89.00, 97.00, 96.00, 95.00, 66.00, 86.00, '2024-2025'),
(742, '401726150119', '1000015', 54, '12', 'Q1', 99.00, 98.00, 94.00, 97.00, 95.00, 95.00, 90.00, 98.00, 95.75, 98.00, 96.00, 97.00, 99.00, 97.50, 96.00, 97.00, '2024-2025'),
(743, '889900112233', '1000008', 8, '11', 'Q3', 89.00, 94.00, 94.00, 97.00, 93.00, 98.00, 89.00, 95.00, 93.63, 98.00, 94.00, 90.00, 98.00, 95.00, 64.00, 87.00, '2023-2024'),
(744, '678901234567', '1000038', 32, '11', 'Q4', 93.00, 90.00, 91.00, 95.00, 95.00, 89.00, 94.00, 92.00, 92.38, 89.00, 91.00, 99.00, 91.00, 92.50, 88.00, 92.00, '2023-2024'),
(745, '401726150119', '1000009', 6, '11', 'Q2', 95.00, 89.00, 93.00, 98.00, 90.00, 90.00, 90.00, 91.00, 92.00, 99.00, 90.00, 97.00, 93.00, 94.75, 74.00, 89.00, '2023-2024'),
(746, '549372186024', '1000011', 47, '12', 'Q2', 90.00, 98.00, 97.00, 90.00, 94.00, 99.00, 91.00, 92.00, 93.88, 99.00, 98.00, 91.00, 97.00, 96.25, 82.00, 91.00, '2024-2025'),
(747, '482613970245', '1000028', 42, '11', 'Q3', 97.00, 95.00, 95.00, 93.00, 91.00, 99.00, 89.00, 93.00, 94.00, 97.00, 94.00, 94.00, 98.00, 95.75, 88.00, 93.00, '2024-2025'),
(748, '401726150119', '1000012', 33, '12', 'Q1', 97.00, 96.00, 89.00, 90.00, 94.00, 91.00, 93.00, 95.00, 93.13, 96.00, 94.00, 95.00, 95.00, 95.00, 60.00, 88.00, '2024-2025'),
(749, '667788990011', '1000038', 38, '12', 'Q2', 96.00, 99.00, 95.00, 91.00, 93.00, 93.00, 97.00, 95.00, 94.88, 95.00, 92.00, 98.00, 93.00, 94.50, 94.00, 94.00, '2024-2025'),
(750, '100122334455', '1000007', 20, '11', 'Q2', 91.00, 98.00, 98.00, 93.00, 95.00, 94.00, 99.00, 92.00, 95.00, 94.00, 97.00, 91.00, 99.00, 95.25, 68.00, 90.00, '2023-2024'),
(751, '990011223344', '1000024', 36, '11', 'Q3', 90.00, 89.00, 94.00, 95.00, 94.00, 94.00, 90.00, 91.00, 92.13, 95.00, 91.00, 94.00, 97.00, 94.25, 80.00, 91.00, '2023-2024'),
(752, '890123456789', '1000021', 20, '11', 'Q1', 91.00, 97.00, 99.00, 96.00, 93.00, 89.00, 97.00, 99.00, 95.13, 94.00, 95.00, 95.00, 90.00, 93.50, 62.00, 88.00, '2023-2024'),
(754, '990011223344', '1000015', 54, '12', 'Q1', 92.00, 93.00, 99.00, 94.00, 96.00, 99.00, 98.00, 93.00, 95.50, 93.00, 99.00, 95.00, 98.00, 96.25, 88.00, 94.00, '2024-2025'),
(755, '890123456789', '1000032', 33, '12', 'Q1', 97.00, 98.00, 99.00, 90.00, 99.00, 91.00, 91.00, 96.00, 95.13, 96.00, 94.00, 93.00, 93.00, 94.00, 72.00, 90.00, '2024-2025'),
(756, '845329710584', '1000033', 36, '11', 'Q3', 99.00, 91.00, 91.00, 93.00, 92.00, 93.00, 91.00, 97.00, 93.38, 90.00, 92.00, 90.00, 89.00, 90.25, 80.00, 89.00, '2023-2024'),
(758, '958314720193', '1000004', 43, '11', 'Q4', 95.00, 99.00, 98.00, 93.00, 94.00, 92.00, 99.00, 98.00, 96.00, 92.00, 92.00, 92.00, 99.00, 93.75, 84.00, 91.00, '2023-2024'),
(759, '643821509274', '1000006', 43, '11', 'Q4', 90.00, 98.00, 98.00, 98.00, 96.00, 89.00, 99.00, 95.00, 95.38, 91.00, 94.00, 97.00, 90.00, 93.00, 84.00, 91.00, '2023-2024'),
(760, '778899001122', '1000009', 6, '11', 'Q1', 95.00, 97.00, 98.00, 89.00, 98.00, 90.00, 99.00, 91.00, 94.63, 93.00, 94.00, 91.00, 94.00, 93.00, 70.00, 88.00, '2023-2024'),
(761, '100122334455', '1000008', 8, '11', 'Q4', 99.00, 98.00, 95.00, 91.00, 93.00, 92.00, 92.00, 95.00, 94.38, 90.00, 89.00, 96.00, 91.00, 91.50, 76.00, 88.00, '2023-2024'),
(762, '778899001122', '1000006', 4, '11', 'Q1', 91.00, 89.00, 93.00, 91.00, 96.00, 96.00, 92.00, 95.00, 92.88, 89.00, 93.00, 90.00, 91.00, 90.75, 68.00, 86.00, '2023-2024'),
(763, '789012345678', '1000035', 39, '12', 'Q3', 98.00, 90.00, 99.00, 92.00, 98.00, 94.00, 98.00, 96.00, 95.63, 97.00, 89.00, 97.00, 96.00, 94.75, 94.00, 95.00, '2024-2025'),
(764, '643821509274', '1000003', 19, '11', 'Q1', 99.00, 89.00, 93.00, 98.00, 89.00, 98.00, 89.00, 98.00, 94.13, 99.00, 89.00, 95.00, 95.00, 94.50, 86.00, 92.00, '2023-2024'),
(765, '762490183657', '1000006', 43, '11', 'Q3', 94.00, 91.00, 93.00, 95.00, 94.00, 98.00, 97.00, 90.00, 94.00, 92.00, 91.00, 93.00, 90.00, 91.50, 90.00, 92.00, '2023-2024'),
(766, '123456789012', '1000022', 32, '11', 'Q4', 89.00, 89.00, 89.00, 92.00, 92.00, 97.00, 99.00, 93.00, 92.50, 99.00, 97.00, 89.00, 97.00, 95.50, 90.00, 94.00, '2024-2025'),
(767, '789012345678', '1000032', 33, '12', 'Q2', 90.00, 93.00, 98.00, 91.00, 92.00, 89.00, 89.00, 91.00, 91.63, 98.00, 95.00, 93.00, 90.00, 94.00, 84.00, 92.00, '2024-2025'),
(768, '401726150119', '1000008', 2, '11', 'Q2', 95.00, 90.00, 89.00, 98.00, 91.00, 93.00, 94.00, 91.00, 92.63, 94.00, 89.00, 93.00, 91.00, 91.75, 92.00, 92.00, '2023-2024'),
(769, '778899001122', '1000006', 4, '11', 'Q2', 96.00, 97.00, 98.00, 89.00, 96.00, 90.00, 95.00, 97.00, 94.75, 89.00, 99.00, 96.00, 92.00, 94.00, 64.00, 87.00, '2023-2024'),
(771, '990011223344', '1000008', 2, '11', 'Q2', 97.00, 95.00, 97.00, 91.00, 96.00, 95.00, 89.00, 94.00, 94.25, 93.00, 95.00, 94.00, 97.00, 94.75, 72.00, 89.00, '2023-2024'),
(772, '667788990011', '1000004', 7, '11', 'Q3', 96.00, 98.00, 89.00, 97.00, 98.00, 98.00, 98.00, 94.00, 96.00, 91.00, 92.00, 91.00, 99.00, 93.25, 66.00, 87.00, '2023-2024'),
(773, '990011223344', '1000017', 12, '12', 'Q1', 96.00, 90.00, 96.00, 99.00, 95.00, 91.00, 94.00, 95.00, 94.50, 93.00, 93.00, 99.00, 94.00, 94.75, 96.00, 95.00, '2024-2025'),
(774, '100122334455', '1000035', 38, '12', 'Q1', 94.00, 92.00, 99.00, 96.00, 97.00, 97.00, 96.00, 99.00, 96.25, 98.00, 93.00, 95.00, 95.00, 95.25, 62.00, 89.00, '2024-2025'),
(775, '958314720193', '1000009', 47, '12', 'Q1', 95.00, 95.00, 92.00, 96.00, 93.00, 90.00, 94.00, 98.00, 94.13, 99.00, 99.00, 90.00, 96.00, 96.00, 86.00, 93.00, '2024-2025'),
(776, '958314720193', '1000009', 47, '12', 'Q2', 98.00, 90.00, 92.00, 90.00, 96.00, 98.00, 94.00, 96.00, 94.25, 99.00, 98.00, 92.00, 91.00, 95.00, 66.00, 86.00, '2024-2025'),
(777, '778899001122', '1000006', 10, '11', 'Q3', 98.00, 96.00, 97.00, 97.00, 96.00, 90.00, 94.00, 90.00, 94.75, 89.00, 97.00, 98.00, 99.00, 95.75, 86.00, 93.00, '2023-2024'),
(778, '401726150119', '1000038', 38, '12', 'Q1', 96.00, 90.00, 94.00, 90.00, 89.00, 98.00, 90.00, 99.00, 93.25, 96.00, 93.00, 90.00, 92.00, 92.75, 60.00, 86.00, '2024-2025'),
(779, '185620937415', '1000013', 52, '12', 'Q3', 91.00, 95.00, 89.00, 96.00, 91.00, 89.00, 96.00, 92.00, 92.38, 93.00, 92.00, 90.00, 99.00, 93.50, 98.00, 95.00, '2024-2025'),
(780, '890123456789', '1000017', 35, '11', 'Q2', 90.00, 92.00, 92.00, 96.00, 92.00, 94.00, 94.00, 89.00, 92.38, 98.00, 99.00, 92.00, 96.00, 96.25, 94.00, 95.00, '2023-2024'),
(781, '185620937415', '1000011', 47, '12', 'Q2', 90.00, 98.00, 89.00, 95.00, 96.00, 96.00, 94.00, 91.00, 93.63, 96.00, 96.00, 94.00, 92.00, 94.50, 72.00, 88.00, '2024-2025'),
(782, '889900112233', '1000038', 38, '12', 'Q2', 97.00, 96.00, 89.00, 92.00, 95.00, 96.00, 98.00, 89.00, 94.00, 98.00, 92.00, 97.00, 97.00, 96.00, 62.00, 89.00, '2024-2025'),
(783, '678901234567', '1000040', 29, '12', 'Q3', 94.00, 98.00, 98.00, 97.00, 90.00, 92.00, 91.00, 90.00, 93.75, 99.00, 92.00, 98.00, 90.00, 94.75, 74.00, 90.00, '2024-2025'),
(784, '401726150119', '1000007', 20, '11', 'Q2', 98.00, 93.00, 95.00, 97.00, 89.00, 98.00, 89.00, 98.00, 94.63, 91.00, 92.00, 90.00, 96.00, 92.25, 86.00, 91.00, '2023-2024'),
(785, '778899001122', '1000006', 10, '11', 'Q4', 93.00, 94.00, 92.00, 99.00, 96.00, 96.00, 94.00, 94.00, 94.75, 97.00, 93.00, 97.00, 96.00, 95.75, 72.00, 90.00, '2023-2024'),
(786, '223344556677', '1000030', 38, '12', 'Q1', 91.00, 94.00, 98.00, 98.00, 94.00, 91.00, 92.00, 89.00, 93.38, 93.00, 97.00, 96.00, 89.00, 93.75, 84.00, 92.00, '2024-2025'),
(787, '100122334455', '1000017', 12, '12', 'Q1', 95.00, 92.00, 89.00, 91.00, 99.00, 89.00, 95.00, 95.00, 93.13, 90.00, 90.00, 91.00, 98.00, 92.25, 60.00, 84.00, '2024-2025'),
(788, '889900112233', '1000006', 4, '11', 'Q1', 98.00, 95.00, 94.00, 94.00, 89.00, 95.00, 98.00, 95.00, 94.75, 93.00, 90.00, 92.00, 94.00, 92.25, 72.00, 88.00, '2023-2024'),
(789, '667788990011', '1000004', 7, '11', 'Q4', 93.00, 99.00, 96.00, 94.00, 94.00, 99.00, 90.00, 99.00, 95.50, 94.00, 95.00, 93.00, 89.00, 92.75, 80.00, 90.00, '2023-2024'),
(790, '445566778899', '1000034', 22, '11', 'Q3', 97.00, 92.00, 94.00, 95.00, 94.00, 96.00, 99.00, 96.00, 95.38, 94.00, 93.00, 97.00, 92.00, 94.00, 86.00, 93.00, '2023-2024'),
(791, '401726150119', '1000005', 9, '11', 'Q4', 93.00, 93.00, 98.00, 98.00, 89.00, 95.00, 95.00, 93.00, 94.25, 89.00, 90.00, 96.00, 97.00, 93.00, 90.00, 93.00, '2023-2024'),
(792, '112233445566', '1000033', 36, '11', 'Q4', 98.00, 99.00, 99.00, 89.00, 93.00, 99.00, 94.00, 97.00, 96.00, 91.00, 97.00, 92.00, 92.00, 93.00, 90.00, 93.00, '2023-2024'),
(793, '100122334455', '1000017', 12, '12', 'Q2', 98.00, 91.00, 94.00, 97.00, 94.00, 99.00, 93.00, 89.00, 94.38, 89.00, 89.00, 92.00, 91.00, 90.25, 84.00, 90.00, '2024-2025'),
(795, '789012345678', '1000017', 35, '11', 'Q2', 91.00, 92.00, 89.00, 92.00, 95.00, 99.00, 97.00, 90.00, 93.13, 90.00, 94.00, 90.00, 90.00, 91.00, 88.00, 91.00, '2023-2024'),
(796, '667788990011', '1000009', 6, '11', 'Q1', 89.00, 99.00, 95.00, 90.00, 97.00, 94.00, 90.00, 93.00, 93.38, 94.00, 92.00, 89.00, 93.00, 92.00, 90.00, 92.00, '2023-2024'),
(797, '185620937415', '1000005', 43, '11', 'Q3', 98.00, 98.00, 94.00, 99.00, 91.00, 93.00, 91.00, 89.00, 94.13, 94.00, 91.00, 98.00, 95.00, 94.50, 90.00, 93.00, '2023-2024'),
(798, '678901234567', '1000004', 26, '12', 'Q3', 90.00, 94.00, 99.00, 93.00, 92.00, 94.00, 91.00, 95.00, 93.50, 93.00, 90.00, 93.00, 98.00, 93.50, 82.00, 91.00, '2024-2025'),
(799, '730285419367', '1000016', 42, '11', 'Q4', 98.00, 95.00, 91.00, 91.00, 96.00, 94.00, 92.00, 93.00, 93.75, 90.00, 92.00, 90.00, 97.00, 92.25, 78.00, 88.00, '2024-2025'),
(800, '890123456789', '1000019', 39, '12', 'Q3', 89.00, 98.00, 92.00, 89.00, 91.00, 89.00, 96.00, 90.00, 91.75, 97.00, 92.00, 91.00, 91.00, 92.75, 82.00, 90.00, '2024-2025'),
(801, '445566778899', '1000022', 32, '11', 'Q3', 92.00, 91.00, 92.00, 96.00, 94.00, 95.00, 94.00, 95.00, 93.63, 94.00, 95.00, 96.00, 95.00, 95.00, 82.00, 92.00, '2023-2024'),
(802, '845329710584', '1000034', 22, '11', 'Q4', 94.00, 94.00, 91.00, 97.00, 99.00, 93.00, 92.00, 93.00, 94.13, 99.00, 95.00, 89.00, 94.00, 94.25, 60.00, 87.00, '2023-2024'),
(804, '889900112233', '1000005', 9, '11', 'Q3', 93.00, 93.00, 96.00, 92.00, 94.00, 94.00, 89.00, 95.00, 93.25, 98.00, 94.00, 99.00, 91.00, 95.50, 82.00, 92.00, '2023-2024'),
(805, '185620937415', '1000034', 34, '12', 'Q2', 98.00, 91.00, 93.00, 95.00, 94.00, 96.00, 90.00, 92.00, 93.63, 94.00, 95.00, 91.00, 91.00, 92.75, 84.00, 90.00, '2024-2025'),
(806, '762490183657', '1000013', 19, '11', 'Q2', 92.00, 89.00, 89.00, 92.00, 94.00, 93.00, 94.00, 92.00, 91.88, 99.00, 98.00, 92.00, 92.00, 95.25, 82.00, 90.00, '2023-2024'),
(807, '401726150119', '1000005', 3, '11', 'Q2', 92.00, 99.00, 97.00, 91.00, 97.00, 89.00, 90.00, 93.00, 93.50, 96.00, 89.00, 93.00, 96.00, 93.50, 94.00, 94.00, '2023-2024'),
(808, '890123456789', '1000038', 36, '11', 'Q4', 91.00, 94.00, 97.00, 90.00, 94.00, 91.00, 96.00, 96.00, 93.63, 91.00, 92.00, 98.00, 93.00, 93.50, 88.00, 92.00, '2023-2024'),
(809, '276481593047', '1000034', 31, '11', 'Q4', 89.00, 89.00, 97.00, 97.00, 97.00, 94.00, 89.00, 97.00, 93.63, 95.00, 98.00, 94.00, 98.00, 96.25, 96.00, 96.00, '2024-2025'),
(810, '234567890123', '1000008', 20, '11', 'Q1', 92.00, 95.00, 90.00, 96.00, 92.00, 93.00, 91.00, 96.00, 93.13, 98.00, 89.00, 98.00, 91.00, 94.00, 76.00, 90.00, '2024-2025'),
(811, '730285419367', '1000034', 31, '11', 'Q4', 99.00, 97.00, 90.00, 93.00, 93.00, 98.00, 89.00, 94.00, 94.13, 94.00, 90.00, 99.00, 94.00, 94.25, 76.00, 89.00, '2024-2025'),
(812, '556677889900', '1000030', 38, '12', 'Q2', 99.00, 93.00, 93.00, 97.00, 97.00, 92.00, 91.00, 92.00, 94.25, 98.00, 92.00, 89.00, 92.00, 92.75, 94.00, 93.00, '2024-2025'),
(813, '789012345678', '1000038', 32, '11', 'Q4', 96.00, 91.00, 89.00, 97.00, 94.00, 92.00, 98.00, 94.00, 93.88, 89.00, 97.00, 97.00, 95.00, 94.50, 64.00, 88.00, '2023-2024'),
(814, '762490183657', '1000006', 43, '11', 'Q4', 94.00, 97.00, 93.00, 97.00, 96.00, 98.00, 91.00, 96.00, 95.25, 94.00, 96.00, 97.00, 96.00, 95.75, 94.00, 95.00, '2023-2024'),
(815, '401726150119', '1000017', 12, '12', 'Q2', 93.00, 96.00, 89.00, 90.00, 97.00, 94.00, 89.00, 97.00, 93.13, 98.00, 99.00, 89.00, 94.00, 95.00, 64.00, 87.00, '2024-2025'),
(816, '345678901234', '1000022', 32, '11', 'Q4', 99.00, 89.00, 89.00, 93.00, 96.00, 92.00, 95.00, 99.00, 94.00, 97.00, 92.00, 89.00, 90.00, 92.00, 94.00, 93.00, '2024-2025'),
(817, '990011223344', '1000006', 4, '11', 'Q1', 94.00, 93.00, 95.00, 94.00, 99.00, 99.00, 91.00, 91.00, 94.50, 94.00, 97.00, 94.00, 89.00, 93.50, 64.00, 86.00, '2023-2024'),
(818, '667788990011', '1000006', 10, '11', 'Q4', 94.00, 89.00, 94.00, 96.00, 96.00, 92.00, 95.00, 90.00, 93.25, 97.00, 94.00, 91.00, 95.00, 94.25, 96.00, 94.00, '2023-2024'),
(819, '100122334455', '1000008', 2, '11', 'Q2', 99.00, 91.00, 93.00, 94.00, 89.00, 96.00, 94.00, 91.00, 93.38, 95.00, 94.00, 94.00, 99.00, 95.50, 70.00, 89.00, '2023-2024'),
(820, '401726150119', '1000006', 10, '11', 'Q4', 98.00, 96.00, 96.00, 95.00, 96.00, 95.00, 89.00, 94.00, 94.88, 91.00, 98.00, 93.00, 94.00, 94.00, 86.00, 92.00, '2023-2024'),
(821, '889900112233', '1000004', 1, '11', 'Q1', 92.00, 99.00, 89.00, 93.00, 98.00, 99.00, 89.00, 96.00, 94.38, 91.00, 90.00, 97.00, 93.00, 92.75, 78.00, 89.00, '2023-2024'),
(822, '667788990011', '1000012', 33, '12', 'Q1', 98.00, 96.00, 90.00, 92.00, 94.00, 93.00, 95.00, 97.00, 94.38, 90.00, 93.00, 93.00, 99.00, 93.75, 78.00, 91.00, '2024-2025'),
(823, '185620937415', '1000011', 47, '12', 'Q1', 99.00, 91.00, 91.00, 92.00, 90.00, 97.00, 92.00, 93.00, 93.13, 99.00, 96.00, 96.00, 89.00, 95.00, 92.00, 94.00, '2024-2025'),
(824, '889900112233', '1000004', 1, '11', 'Q2', 90.00, 90.00, 93.00, 97.00, 96.00, 99.00, 97.00, 89.00, 93.88, 99.00, 96.00, 94.00, 92.00, 95.25, 88.00, 93.00, '2023-2024'),
(825, '958314720193', '1000013', 28, '12', 'Q3', 96.00, 95.00, 99.00, 89.00, 90.00, 97.00, 93.00, 96.00, 94.38, 89.00, 91.00, 90.00, 90.00, 90.00, 62.00, 83.00, '2024-2025'),
(826, '100122334455', '1000004', 1, '11', 'Q1', 91.00, 96.00, 98.00, 99.00, 93.00, 89.00, 99.00, 95.00, 95.00, 92.00, 96.00, 94.00, 92.00, 93.50, 66.00, 87.00, '2023-2024'),
(827, '901234567890', '1000032', 33, '12', 'Q1', 97.00, 97.00, 96.00, 89.00, 89.00, 92.00, 93.00, 99.00, 94.00, 97.00, 97.00, 96.00, 99.00, 97.25, 86.00, 94.00, '2024-2025'),
(828, '789012345678', '1000012', 26, '12', 'Q3', 95.00, 97.00, 92.00, 91.00, 90.00, 91.00, 93.00, 93.00, 92.75, 89.00, 99.00, 95.00, 90.00, 93.25, 92.00, 93.00, '2024-2025'),
(829, '667788990011', '1000008', 8, '11', 'Q3', 94.00, 94.00, 97.00, 95.00, 94.00, 95.00, 97.00, 98.00, 95.50, 99.00, 91.00, 93.00, 92.00, 93.75, 68.00, 88.00, '2023-2024'),
(830, '223344556677', '1000031', 39, '12', 'Q3', 93.00, 92.00, 93.00, 99.00, 97.00, 99.00, 91.00, 92.00, 94.50, 89.00, 91.00, 89.00, 95.00, 91.00, 86.00, 91.00, '2024-2025'),
(831, '958314720193', '1000005', 43, '11', 'Q3', 90.00, 97.00, 91.00, 99.00, 89.00, 94.00, 93.00, 92.00, 93.13, 95.00, 89.00, 94.00, 94.00, 93.00, 80.00, 89.00, '2023-2024'),
(832, '401726150119', '1000007', 11, '11', 'Q3', 94.00, 91.00, 97.00, 99.00, 96.00, 91.00, 92.00, 97.00, 94.63, 90.00, 91.00, 97.00, 99.00, 94.25, 88.00, 93.00, '2023-2024'),
(833, '401726150119', '1000035', 38, '12', 'Q2', 91.00, 95.00, 94.00, 96.00, 99.00, 97.00, 89.00, 96.00, 94.63, 95.00, 95.00, 92.00, 97.00, 94.75, 98.00, 95.00, '2024-2025'),
(834, '123456789012', '1000008', 20, '11', 'Q1', 95.00, 93.00, 90.00, 92.00, 94.00, 92.00, 90.00, 99.00, 93.13, 90.00, 98.00, 97.00, 94.00, 94.75, 90.00, 93.00, '2024-2025'),
(1173, '100122334455', '1000002', 16, '11', 'Q1', 90.00, 99.00, 94.00, 96.00, 98.00, 90.00, 91.00, 97.00, 94.38, 90.00, 94.00, 89.00, 94.00, 91.75, 96.00, 93.00, '2023-2024'),
(1174, '667788990011', '1000002', 16, '11', 'Q1', 89.00, 98.00, 90.00, 98.00, 90.00, 89.00, 97.00, 98.00, 93.63, 98.00, 99.00, 99.00, 99.00, 98.75, 68.00, 92.00, '2023-2024'),
(1175, '778899001122', '1000002', 16, '11', 'Q1', 95.00, 94.00, 94.00, 99.00, 91.00, 92.00, 89.00, 89.00, 92.88, 91.00, 98.00, 98.00, 94.00, 95.25, 72.00, 90.00, '2023-2024'),
(1176, '889900112233', '1000002', 16, '11', 'Q1', 96.00, 89.00, 92.00, 92.00, 94.00, 94.00, 99.00, 91.00, 93.38, 93.00, 93.00, 96.00, 90.00, 93.00, 98.00, 94.00, '2023-2024'),
(1177, '990011223344', '1000002', 16, '11', 'Q1', 99.00, 89.00, 94.00, 93.00, 92.00, 95.00, 97.00, 91.00, 93.75, 97.00, 89.00, 99.00, 98.00, 95.75, 92.00, 95.00, '2023-2024'),
(1183, '100122334455', '1000002', 16, '11', 'Q2', 95.00, 96.00, 96.00, 94.00, 93.00, 94.00, 93.00, 95.00, 94.50, 93.00, 95.00, 97.00, 98.00, 95.75, 74.00, 91.00, '2023-2024'),
(1184, '667788990011', '1000002', 16, '11', 'Q2', 95.00, 89.00, 93.00, 90.00, 91.00, 99.00, 98.00, 96.00, 93.88, 96.00, 93.00, 89.00, 89.00, 91.75, 72.00, 88.00, '2023-2024'),
(1185, '778899001122', '1000002', 16, '11', 'Q2', 90.00, 93.00, 98.00, 89.00, 97.00, 95.00, 94.00, 99.00, 94.38, 89.00, 92.00, 93.00, 90.00, 91.00, 76.00, 89.00, '2023-2024'),
(1186, '889900112233', '1000002', 16, '11', 'Q2', 98.00, 90.00, 89.00, 98.00, 90.00, 99.00, 96.00, 93.00, 94.13, 89.00, 89.00, 98.00, 93.00, 92.25, 66.00, 87.00, '2023-2024'),
(1187, '990011223344', '1000002', 16, '11', 'Q2', 95.00, 99.00, 97.00, 90.00, 93.00, 94.00, 92.00, 89.00, 93.63, 92.00, 94.00, 93.00, 94.00, 93.25, 84.00, 91.00, '2023-2024'),
(1194, '112233445566', '1000003', 17, '11', 'Q1', 89.00, 95.00, 99.00, 98.00, 96.00, 95.00, 99.00, 98.00, 96.13, 94.00, 98.00, 99.00, 99.00, 97.50, 82.00, 94.00, '2023-2024'),
(1195, '223344556677', '1000003', 17, '11', 'Q1', 99.00, 92.00, 94.00, 96.00, 97.00, 99.00, 93.00, 90.00, 95.00, 95.00, 93.00, 92.00, 90.00, 92.50, 64.00, 87.00, '2023-2024'),
(1196, '334455667788', '1000003', 17, '11', 'Q1', 98.00, 89.00, 96.00, 91.00, 91.00, 93.00, 94.00, 92.00, 93.00, 98.00, 94.00, 97.00, 94.00, 95.75, 92.00, 94.00, '2023-2024'),
(1197, '445566778899', '1000003', 17, '11', 'Q1', 98.00, 89.00, 96.00, 90.00, 97.00, 93.00, 96.00, 90.00, 93.63, 95.00, 93.00, 94.00, 91.00, 93.25, 84.00, 91.00, '2023-2024'),
(1198, '556677889900', '1000003', 17, '11', 'Q1', 99.00, 90.00, 97.00, 95.00, 96.00, 95.00, 99.00, 89.00, 95.00, 92.00, 92.00, 98.00, 92.00, 93.50, 92.00, 94.00, '2023-2024'),
(1199, '845329710584', '1000003', 17, '11', 'Q1', 89.00, 98.00, 92.00, 99.00, 96.00, 94.00, 95.00, 94.00, 94.63, 95.00, 92.00, 89.00, 93.00, 92.25, 64.00, 87.00, '2023-2024'),
(1206, '112233445566', '1000003', 17, '11', 'Q2', 91.00, 94.00, 97.00, 94.00, 89.00, 97.00, 96.00, 89.00, 93.38, 90.00, 95.00, 94.00, 96.00, 93.75, 68.00, 89.00, '2023-2024'),
(1207, '223344556677', '1000003', 17, '11', 'Q2', 91.00, 94.00, 99.00, 92.00, 97.00, 98.00, 98.00, 99.00, 96.00, 90.00, 97.00, 92.00, 91.00, 92.50, 86.00, 92.00, '2023-2024'),
(1208, '334455667788', '1000003', 17, '11', 'Q2', 96.00, 95.00, 99.00, 89.00, 92.00, 93.00, 90.00, 95.00, 93.63, 94.00, 96.00, 98.00, 92.00, 95.00, 92.00, 94.00, '2023-2024'),
(1209, '445566778899', '1000003', 17, '11', 'Q2', 96.00, 96.00, 94.00, 92.00, 91.00, 99.00, 90.00, 96.00, 94.25, 89.00, 93.00, 98.00, 99.00, 94.75, 60.00, 88.00, '2023-2024'),
(1210, '556677889900', '1000003', 17, '11', 'Q2', 98.00, 92.00, 98.00, 92.00, 89.00, 93.00, 97.00, 95.00, 94.25, 97.00, 89.00, 99.00, 96.00, 95.25, 86.00, 93.00, '2023-2024'),
(1211, '845329710584', '1000003', 17, '11', 'Q2', 90.00, 98.00, 96.00, 97.00, 89.00, 96.00, 93.00, 99.00, 94.75, 95.00, 89.00, 92.00, 96.00, 93.00, 70.00, 89.00, '2023-2024'),
(1218, '112233445566', '1000003', 17, '11', 'Q3', 97.00, 93.00, 96.00, 91.00, 99.00, 90.00, 99.00, 93.00, 94.75, 99.00, 96.00, 94.00, 94.00, 95.75, 70.00, 90.00, '2023-2024'),
(1219, '223344556677', '1000003', 17, '11', 'Q3', 94.00, 95.00, 92.00, 99.00, 95.00, 90.00, 97.00, 96.00, 94.75, 90.00, 96.00, 97.00, 89.00, 93.00, 86.00, 92.00, '2023-2024'),
(1220, '334455667788', '1000003', 17, '11', 'Q3', 95.00, 98.00, 97.00, 91.00, 99.00, 99.00, 97.00, 90.00, 95.75, 92.00, 91.00, 91.00, 93.00, 91.75, 76.00, 89.00, '2023-2024'),
(1221, '445566778899', '1000003', 17, '11', 'Q3', 95.00, 96.00, 98.00, 90.00, 90.00, 93.00, 96.00, 99.00, 94.63, 99.00, 97.00, 91.00, 96.00, 95.75, 66.00, 90.00, '2023-2024'),
(1222, '556677889900', '1000003', 17, '11', 'Q3', 99.00, 90.00, 95.00, 97.00, 89.00, 98.00, 91.00, 95.00, 94.25, 92.00, 96.00, 95.00, 89.00, 93.00, 82.00, 91.00, '2023-2024');
INSERT INTO `grades` (`GradeID`, `LRN`, `TeacherID`, `SubjectID`, `Grade`, `quarter`, `ww1`, `ww2`, `ww3`, `ww4`, `qz1`, `qz2`, `qz3`, `qz4`, `ww_qz_average`, `pt1`, `pt2`, `pt3`, `pt4`, `pt_average`, `qa`, `quarter_grade`, `SchoolYear`) VALUES
(1223, '845329710584', '1000003', 17, '11', 'Q3', 89.00, 95.00, 98.00, 94.00, 98.00, 96.00, 97.00, 90.00, 94.63, 89.00, 90.00, 92.00, 90.00, 90.25, 74.00, 88.00, '2023-2024'),
(1230, '112233445566', '1000003', 17, '11', 'Q4', 89.00, 98.00, 92.00, 99.00, 97.00, 89.00, 97.00, 99.00, 95.00, 94.00, 94.00, 98.00, 90.00, 94.00, 66.00, 89.00, '2023-2024'),
(1231, '223344556677', '1000003', 17, '11', 'Q4', 89.00, 96.00, 92.00, 92.00, 99.00, 94.00, 96.00, 98.00, 94.50, 94.00, 95.00, 96.00, 94.00, 94.75, 90.00, 94.00, '2023-2024'),
(1232, '334455667788', '1000003', 17, '11', 'Q4', 93.00, 93.00, 96.00, 91.00, 99.00, 91.00, 93.00, 92.00, 93.50, 91.00, 93.00, 92.00, 93.00, 92.25, 72.00, 88.00, '2023-2024'),
(1233, '445566778899', '1000003', 17, '11', 'Q4', 96.00, 93.00, 90.00, 94.00, 98.00, 99.00, 91.00, 89.00, 93.75, 97.00, 95.00, 97.00, 98.00, 96.75, 74.00, 92.00, '2023-2024'),
(1234, '556677889900', '1000003', 17, '11', 'Q4', 97.00, 96.00, 90.00, 95.00, 95.00, 89.00, 96.00, 92.00, 93.75, 94.00, 96.00, 98.00, 89.00, 94.25, 94.00, 94.00, '2023-2024'),
(1235, '845329710584', '1000003', 17, '11', 'Q4', 99.00, 93.00, 90.00, 94.00, 99.00, 90.00, 89.00, 99.00, 94.13, 93.00, 93.00, 96.00, 91.00, 93.25, 66.00, 88.00, '2023-2024'),
(1295, '185620937415', '1000037', 15, '12', 'Q3', 90.00, 99.00, 92.00, 96.00, 95.00, 99.00, 90.00, 96.00, 94.63, 99.00, 99.00, 96.00, 97.00, 97.75, 74.00, 91.00, '2024-2025'),
(1296, '549372186024', '1000037', 15, '12', 'Q3', 99.00, 97.00, 99.00, 95.00, 89.00, 93.00, 99.00, 94.00, 95.63, 94.00, 91.00, 94.00, 89.00, 92.00, 68.00, 87.00, '2024-2025'),
(1297, '643821509274', '1000037', 15, '12', 'Q3', 95.00, 93.00, 93.00, 96.00, 91.00, 98.00, 98.00, 96.00, 95.00, 95.00, 90.00, 99.00, 92.00, 94.00, 64.00, 87.00, '2024-2025'),
(1298, '762490183657', '1000037', 15, '12', 'Q3', 94.00, 93.00, 95.00, 94.00, 89.00, 95.00, 99.00, 89.00, 93.50, 93.00, 96.00, 93.00, 97.00, 94.75, 94.00, 94.00, '2024-2025'),
(1299, '958314720193', '1000037', 15, '12', 'Q3', 95.00, 90.00, 89.00, 97.00, 97.00, 93.00, 97.00, 96.00, 94.25, 89.00, 90.00, 95.00, 93.00, 91.75, 62.00, 85.00, '2024-2025'),
(1300, '012345678901', '1000037', 15, '12', 'Q3', 93.00, 92.00, 91.00, 94.00, 95.00, 95.00, 99.00, 91.00, 93.75, 91.00, 93.00, 91.00, 98.00, 93.25, 84.00, 91.00, '2024-2025'),
(1301, '678901234567', '1000037', 15, '12', 'Q3', 98.00, 90.00, 91.00, 96.00, 98.00, 89.00, 96.00, 94.00, 94.00, 92.00, 99.00, 97.00, 91.00, 94.75, 98.00, 95.00, '2024-2025'),
(1302, '789012345678', '1000037', 15, '12', 'Q3', 96.00, 93.00, 98.00, 91.00, 94.00, 89.00, 94.00, 93.00, 93.50, 95.00, 95.00, 92.00, 96.00, 94.50, 98.00, 95.00, '2024-2025'),
(1303, '890123456789', '1000037', 15, '12', 'Q3', 92.00, 89.00, 94.00, 90.00, 93.00, 94.00, 93.00, 94.00, 92.38, 92.00, 99.00, 97.00, 98.00, 96.50, 98.00, 96.00, '2024-2025'),
(1304, '901234567890', '1000037', 15, '12', 'Q3', 98.00, 94.00, 99.00, 91.00, 93.00, 90.00, 96.00, 96.00, 94.63, 95.00, 98.00, 96.00, 98.00, 96.75, 60.00, 87.00, '2024-2025'),
(1305, '100122334455', '1000037', 15, '12', 'Q3', 91.00, 97.00, 90.00, 92.00, 92.00, 95.00, 99.00, 98.00, 94.25, 96.00, 98.00, 92.00, 99.00, 96.25, 66.00, 88.00, '2024-2025'),
(1306, '401726150119', '1000037', 15, '12', 'Q3', 91.00, 95.00, 92.00, 99.00, 94.00, 99.00, 90.00, 97.00, 94.63, 96.00, 99.00, 98.00, 92.00, 96.25, 88.00, 94.00, '2024-2025'),
(1307, '667788990011', '1000037', 15, '12', 'Q3', 96.00, 89.00, 90.00, 96.00, 98.00, 94.00, 96.00, 90.00, 93.63, 94.00, 89.00, 97.00, 96.00, 94.00, 64.00, 86.00, '2024-2025'),
(1308, '778899001122', '1000037', 15, '12', 'Q3', 97.00, 92.00, 94.00, 92.00, 91.00, 89.00, 96.00, 92.00, 92.88, 94.00, 93.00, 96.00, 89.00, 93.00, 74.00, 88.00, '2024-2025'),
(1309, '889900112233', '1000037', 15, '12', 'Q3', 98.00, 90.00, 99.00, 93.00, 90.00, 92.00, 93.00, 89.00, 93.00, 89.00, 91.00, 97.00, 92.00, 92.25, 78.00, 89.00, '2024-2025'),
(1310, '990011223344', '1000037', 15, '12', 'Q3', 93.00, 92.00, 90.00, 98.00, 89.00, 94.00, 92.00, 90.00, 92.25, 98.00, 96.00, 89.00, 99.00, 95.50, 70.00, 88.00, '2024-2025'),
(1311, '112233445566', '1000037', 15, '12', 'Q3', 89.00, 98.00, 92.00, 98.00, 94.00, 98.00, 98.00, 98.00, 95.63, 93.00, 95.00, 98.00, 95.00, 95.25, 96.00, 96.00, '2024-2025'),
(1312, '223344556677', '1000037', 15, '12', 'Q3', 94.00, 97.00, 93.00, 98.00, 98.00, 97.00, 93.00, 97.00, 95.88, 93.00, 96.00, 93.00, 99.00, 95.25, 90.00, 94.00, '2024-2025'),
(1313, '334455667788', '1000037', 15, '12', 'Q3', 99.00, 90.00, 98.00, 98.00, 96.00, 89.00, 98.00, 93.00, 95.13, 91.00, 99.00, 90.00, 98.00, 94.50, 62.00, 87.00, '2024-2025'),
(1314, '445566778899', '1000037', 15, '12', 'Q3', 97.00, 90.00, 95.00, 91.00, 95.00, 92.00, 97.00, 99.00, 94.50, 94.00, 97.00, 89.00, 90.00, 92.50, 64.00, 86.00, '2024-2025'),
(1315, '556677889900', '1000037', 15, '12', 'Q3', 99.00, 92.00, 95.00, 90.00, 98.00, 89.00, 93.00, 89.00, 93.13, 90.00, 95.00, 93.00, 92.00, 92.50, 72.00, 88.00, '2024-2025'),
(1316, '845329710584', '1000037', 15, '12', 'Q3', 91.00, 95.00, 91.00, 93.00, 91.00, 89.00, 96.00, 89.00, 91.88, 93.00, 97.00, 96.00, 90.00, 94.00, 66.00, 86.00, '2024-2025'),
(1326, '012345678901', '7166651', 5, '11', 'Q1', 96.00, 91.00, 89.00, 94.00, 93.00, 93.00, 99.00, 93.00, 93.50, 91.00, 99.00, 90.00, 99.00, 94.75, 62.00, 86.00, '2023-2024'),
(1328, '012345678901', '7166651', 5, '11', 'Q2', 99.00, 91.00, 90.00, 91.00, 96.00, 94.00, 96.00, 98.00, 94.38, 92.00, 99.00, 97.00, 90.00, 94.50, 92.00, 94.00, '2023-2024'),
(1330, '012345678901', '7166651', 5, '11', 'Q3', 93.00, 90.00, 95.00, 93.00, 90.00, 96.00, 89.00, 91.00, 92.13, 90.00, 96.00, 89.00, 92.00, 91.75, 90.00, 91.00, '2023-2024'),
(1332, '100122334455', '7166651', 5, '11', 'Q1', 96.00, 99.00, 98.00, 95.00, 92.00, 97.00, 97.00, 97.00, 96.38, 94.00, 89.00, 99.00, 93.00, 93.75, 76.00, 90.00, '2023-2024'),
(1334, '100122334455', '7166651', 5, '11', 'Q2', 95.00, 95.00, 94.00, 95.00, 93.00, 91.00, 99.00, 90.00, 94.00, 98.00, 99.00, 89.00, 95.00, 95.25, 94.00, 95.00, '2023-2024'),
(1336, '100122334455', '7166651', 5, '11', 'Q3', 94.00, 89.00, 94.00, 92.00, 89.00, 93.00, 97.00, 97.00, 93.13, 95.00, 95.00, 92.00, 98.00, 95.00, 66.00, 87.00, '2023-2024'),
(1338, '112233445566', '7166651', 5, '11', 'Q1', 98.00, 91.00, 97.00, 99.00, 94.00, 98.00, 96.00, 97.00, 96.25, 99.00, 91.00, 95.00, 89.00, 93.50, 64.00, 87.00, '2023-2024'),
(1340, '112233445566', '7166651', 5, '11', 'Q2', 92.00, 95.00, 89.00, 93.00, 90.00, 90.00, 94.00, 89.00, 91.50, 97.00, 97.00, 93.00, 99.00, 96.50, 66.00, 88.00, '2023-2024'),
(1342, '112233445566', '7166651', 5, '11', 'Q3', 90.00, 98.00, 98.00, 89.00, 93.00, 89.00, 89.00, 89.00, 91.88, 91.00, 89.00, 94.00, 90.00, 91.00, 76.00, 87.00, '2023-2024'),
(1344, '185620937415', '7166651', 5, '11', 'Q1', 94.00, 99.00, 99.00, 90.00, 98.00, 96.00, 90.00, 92.00, 94.75, 93.00, 99.00, 96.00, 94.00, 95.50, 86.00, 93.00, '2023-2024'),
(1346, '185620937415', '7166651', 5, '11', 'Q2', 90.00, 93.00, 96.00, 89.00, 91.00, 90.00, 97.00, 95.00, 92.63, 97.00, 98.00, 90.00, 91.00, 94.00, 62.00, 86.00, '2023-2024'),
(1348, '185620937415', '7166651', 5, '11', 'Q3', 97.00, 97.00, 94.00, 91.00, 95.00, 92.00, 97.00, 98.00, 95.13, 91.00, 93.00, 94.00, 92.00, 92.50, 74.00, 89.00, '2023-2024'),
(1350, '223344556677', '7166651', 5, '11', 'Q1', 96.00, 96.00, 92.00, 93.00, 89.00, 91.00, 99.00, 91.00, 93.38, 92.00, 96.00, 94.00, 96.00, 94.50, 84.00, 92.00, '2023-2024'),
(1352, '223344556677', '7166651', 5, '11', 'Q2', 91.00, 96.00, 99.00, 94.00, 96.00, 98.00, 93.00, 94.00, 95.13, 93.00, 91.00, 89.00, 96.00, 92.25, 96.00, 94.00, '2023-2024'),
(1354, '223344556677', '7166651', 5, '11', 'Q3', 92.00, 96.00, 96.00, 92.00, 95.00, 90.00, 96.00, 91.00, 93.50, 99.00, 89.00, 91.00, 91.00, 92.50, 90.00, 92.00, '2023-2024'),
(1356, '334455667788', '7166651', 5, '11', 'Q1', 92.00, 89.00, 91.00, 99.00, 91.00, 90.00, 98.00, 89.00, 92.38, 96.00, 92.00, 94.00, 93.00, 93.75, 64.00, 86.00, '2023-2024'),
(1358, '334455667788', '7166651', 5, '11', 'Q2', 93.00, 91.00, 99.00, 98.00, 95.00, 93.00, 92.00, 93.00, 94.25, 99.00, 96.00, 94.00, 93.00, 95.50, 76.00, 90.00, '2023-2024'),
(1360, '334455667788', '7166651', 5, '11', 'Q3', 89.00, 96.00, 95.00, 95.00, 91.00, 91.00, 95.00, 90.00, 92.75, 99.00, 92.00, 95.00, 90.00, 94.00, 82.00, 91.00, '2023-2024'),
(1362, '401726150119', '7166651', 5, '11', 'Q1', 90.00, 89.00, 89.00, 98.00, 91.00, 93.00, 92.00, 94.00, 92.00, 96.00, 98.00, 90.00, 92.00, 94.00, 84.00, 91.00, '2023-2024'),
(1364, '401726150119', '7166651', 5, '11', 'Q2', 92.00, 99.00, 96.00, 94.00, 94.00, 90.00, 89.00, 99.00, 94.13, 95.00, 89.00, 95.00, 95.00, 93.50, 72.00, 88.00, '2023-2024'),
(1366, '401726150119', '7166651', 5, '11', 'Q3', 98.00, 94.00, 99.00, 93.00, 89.00, 90.00, 94.00, 89.00, 93.25, 98.00, 89.00, 95.00, 97.00, 94.75, 92.00, 94.00, '2023-2024'),
(1368, '445566778899', '7166651', 5, '11', 'Q1', 97.00, 93.00, 98.00, 99.00, 91.00, 89.00, 98.00, 89.00, 94.25, 96.00, 91.00, 90.00, 99.00, 94.00, 66.00, 87.00, '2023-2024'),
(1370, '445566778899', '7166651', 5, '11', 'Q2', 98.00, 97.00, 93.00, 98.00, 99.00, 93.00, 99.00, 94.00, 96.38, 97.00, 94.00, 99.00, 93.00, 95.75, 74.00, 90.00, '2023-2024'),
(1372, '445566778899', '7166651', 5, '11', 'Q3', 90.00, 95.00, 94.00, 96.00, 99.00, 96.00, 94.00, 93.00, 94.63, 96.00, 91.00, 98.00, 97.00, 95.50, 76.00, 90.00, '2023-2024'),
(1374, '549372186024', '7166651', 5, '11', 'Q1', 93.00, 94.00, 89.00, 97.00, 96.00, 91.00, 99.00, 90.00, 93.63, 96.00, 91.00, 98.00, 96.00, 95.25, 60.00, 86.00, '2023-2024'),
(1376, '549372186024', '7166651', 5, '11', 'Q2', 92.00, 92.00, 96.00, 95.00, 98.00, 93.00, 95.00, 95.00, 94.50, 90.00, 90.00, 91.00, 94.00, 91.25, 90.00, 92.00, '2023-2024'),
(1378, '549372186024', '7166651', 5, '11', 'Q3', 90.00, 98.00, 97.00, 92.00, 90.00, 99.00, 93.00, 90.00, 93.63, 95.00, 93.00, 91.00, 98.00, 94.25, 88.00, 93.00, '2023-2024'),
(1380, '556677889900', '7166651', 5, '11', 'Q1', 97.00, 89.00, 95.00, 98.00, 93.00, 96.00, 90.00, 95.00, 94.13, 96.00, 95.00, 99.00, 90.00, 95.00, 74.00, 90.00, '2023-2024'),
(1382, '556677889900', '7166651', 5, '11', 'Q2', 92.00, 97.00, 89.00, 98.00, 90.00, 89.00, 98.00, 89.00, 92.75, 98.00, 91.00, 94.00, 95.00, 94.50, 86.00, 92.00, '2023-2024'),
(1384, '556677889900', '7166651', 5, '11', 'Q3', 94.00, 90.00, 92.00, 90.00, 96.00, 90.00, 97.00, 90.00, 92.38, 95.00, 94.00, 98.00, 95.00, 95.50, 72.00, 89.00, '2023-2024'),
(1386, '643821509274', '7166651', 5, '11', 'Q1', 99.00, 98.00, 97.00, 99.00, 95.00, 99.00, 89.00, 91.00, 95.88, 91.00, 94.00, 98.00, 98.00, 95.25, 80.00, 92.00, '2023-2024'),
(1388, '643821509274', '7166651', 5, '11', 'Q2', 98.00, 92.00, 89.00, 94.00, 91.00, 96.00, 96.00, 94.00, 93.75, 94.00, 99.00, 92.00, 96.00, 95.25, 86.00, 93.00, '2023-2024'),
(1390, '643821509274', '7166651', 5, '11', 'Q3', 96.00, 95.00, 98.00, 96.00, 96.00, 93.00, 99.00, 97.00, 96.25, 97.00, 94.00, 92.00, 99.00, 95.50, 92.00, 95.00, '2023-2024'),
(1392, '667788990011', '7166651', 5, '11', 'Q1', 96.00, 98.00, 92.00, 99.00, 99.00, 95.00, 92.00, 95.00, 95.75, 90.00, 97.00, 96.00, 90.00, 93.25, 62.00, 86.00, '2023-2024'),
(1394, '667788990011', '7166651', 5, '11', 'Q2', 99.00, 91.00, 95.00, 89.00, 96.00, 89.00, 90.00, 98.00, 93.38, 95.00, 94.00, 95.00, 93.00, 94.25, 92.00, 93.00, '2023-2024'),
(1396, '667788990011', '7166651', 5, '11', 'Q3', 91.00, 89.00, 93.00, 97.00, 95.00, 98.00, 95.00, 90.00, 93.50, 90.00, 91.00, 96.00, 95.00, 93.00, 98.00, 94.00, '2023-2024'),
(1398, '678901234567', '7166651', 5, '11', 'Q1', 94.00, 93.00, 92.00, 95.00, 97.00, 91.00, 98.00, 93.00, 94.13, 94.00, 93.00, 94.00, 92.00, 93.25, 74.00, 89.00, '2023-2024'),
(1400, '678901234567', '7166651', 5, '11', 'Q2', 95.00, 93.00, 94.00, 92.00, 90.00, 98.00, 95.00, 94.00, 93.88, 96.00, 97.00, 98.00, 91.00, 95.50, 62.00, 87.00, '2023-2024'),
(1402, '678901234567', '7166651', 5, '11', 'Q3', 94.00, 90.00, 89.00, 97.00, 96.00, 93.00, 96.00, 93.00, 93.50, 97.00, 95.00, 95.00, 91.00, 94.50, 62.00, 86.00, '2023-2024'),
(1404, '762490183657', '7166651', 5, '11', 'Q1', 91.00, 90.00, 89.00, 98.00, 92.00, 96.00, 96.00, 92.00, 93.00, 96.00, 94.00, 92.00, 90.00, 93.00, 72.00, 88.00, '2023-2024'),
(1406, '762490183657', '7166651', 5, '11', 'Q2', 93.00, 94.00, 94.00, 98.00, 96.00, 98.00, 91.00, 96.00, 95.00, 98.00, 89.00, 97.00, 95.00, 94.75, 68.00, 88.00, '2023-2024'),
(1408, '762490183657', '7166651', 5, '11', 'Q3', 93.00, 95.00, 96.00, 95.00, 90.00, 98.00, 97.00, 91.00, 94.38, 89.00, 92.00, 95.00, 90.00, 91.50, 72.00, 87.00, '2023-2024'),
(1410, '778899001122', '7166651', 5, '11', 'Q1', 94.00, 96.00, 98.00, 92.00, 90.00, 95.00, 95.00, 91.00, 93.88, 90.00, 91.00, 94.00, 90.00, 91.25, 92.00, 92.00, '2023-2024'),
(1412, '778899001122', '7166651', 5, '11', 'Q2', 94.00, 90.00, 89.00, 98.00, 92.00, 89.00, 89.00, 91.00, 91.50, 89.00, 95.00, 96.00, 98.00, 94.50, 68.00, 87.00, '2023-2024'),
(1414, '778899001122', '7166651', 5, '11', 'Q3', 95.00, 99.00, 99.00, 99.00, 98.00, 95.00, 90.00, 98.00, 96.63, 89.00, 95.00, 97.00, 92.00, 93.25, 82.00, 91.00, '2023-2024'),
(1416, '789012345678', '7166651', 5, '11', 'Q1', 90.00, 93.00, 95.00, 99.00, 89.00, 92.00, 93.00, 99.00, 93.75, 97.00, 98.00, 90.00, 99.00, 96.00, 68.00, 88.00, '2023-2024'),
(1418, '789012345678', '7166651', 5, '11', 'Q2', 93.00, 96.00, 92.00, 95.00, 97.00, 89.00, 90.00, 95.00, 93.38, 92.00, 98.00, 94.00, 96.00, 95.00, 78.00, 90.00, '2023-2024'),
(1420, '789012345678', '7166651', 5, '11', 'Q3', 93.00, 91.00, 96.00, 89.00, 89.00, 89.00, 90.00, 93.00, 91.25, 97.00, 93.00, 98.00, 90.00, 94.50, 84.00, 91.00, '2023-2024'),
(1422, '845329710584', '7166651', 5, '11', 'Q1', 98.00, 98.00, 97.00, 91.00, 97.00, 92.00, 91.00, 90.00, 94.25, 99.00, 94.00, 94.00, 99.00, 96.50, 88.00, 94.00, '2023-2024'),
(1424, '845329710584', '7166651', 5, '11', 'Q2', 94.00, 96.00, 96.00, 92.00, 94.00, 96.00, 99.00, 95.00, 95.25, 91.00, 92.00, 99.00, 96.00, 94.50, 90.00, 94.00, '2023-2024'),
(1426, '845329710584', '7166651', 5, '11', 'Q3', 90.00, 96.00, 97.00, 97.00, 95.00, 96.00, 95.00, 98.00, 95.50, 94.00, 98.00, 98.00, 98.00, 97.00, 88.00, 94.00, '2023-2024'),
(1428, '889900112233', '7166651', 5, '11', 'Q1', 93.00, 89.00, 98.00, 93.00, 93.00, 97.00, 96.00, 91.00, 93.75, 90.00, 96.00, 92.00, 94.00, 93.00, 72.00, 88.00, '2023-2024'),
(1430, '889900112233', '7166651', 5, '11', 'Q2', 97.00, 90.00, 91.00, 98.00, 93.00, 94.00, 94.00, 96.00, 94.13, 90.00, 96.00, 98.00, 90.00, 93.50, 78.00, 90.00, '2023-2024'),
(1432, '889900112233', '7166651', 5, '11', 'Q3', 91.00, 97.00, 92.00, 99.00, 98.00, 93.00, 94.00, 90.00, 94.25, 90.00, 94.00, 89.00, 97.00, 92.50, 74.00, 88.00, '2023-2024'),
(1434, '890123456789', '7166651', 5, '11', 'Q1', 94.00, 92.00, 89.00, 89.00, 92.00, 92.00, 98.00, 89.00, 91.88, 99.00, 92.00, 89.00, 89.00, 92.25, 78.00, 89.00, '2023-2024'),
(1436, '890123456789', '7166651', 5, '11', 'Q2', 98.00, 90.00, 91.00, 98.00, 95.00, 90.00, 89.00, 97.00, 93.50, 99.00, 90.00, 98.00, 89.00, 94.00, 68.00, 87.00, '2023-2024'),
(1438, '890123456789', '7166651', 5, '11', 'Q3', 95.00, 98.00, 93.00, 97.00, 92.00, 93.00, 99.00, 97.00, 95.50, 89.00, 98.00, 92.00, 98.00, 94.25, 84.00, 92.00, '2023-2024'),
(1440, '901234567890', '7166651', 5, '11', 'Q1', 89.00, 95.00, 95.00, 92.00, 98.00, 92.00, 90.00, 96.00, 93.38, 98.00, 90.00, 93.00, 94.00, 93.75, 84.00, 91.00, '2023-2024'),
(1442, '901234567890', '7166651', 5, '11', 'Q2', 98.00, 92.00, 99.00, 98.00, 93.00, 92.00, 96.00, 91.00, 94.88, 89.00, 96.00, 93.00, 96.00, 93.50, 62.00, 86.00, '2023-2024'),
(1444, '901234567890', '7166651', 5, '11', 'Q3', 89.00, 93.00, 99.00, 93.00, 91.00, 89.00, 92.00, 96.00, 92.75, 93.00, 99.00, 96.00, 94.00, 95.50, 84.00, 92.00, '2023-2024'),
(1446, '958314720193', '7166651', 5, '11', 'Q1', 92.00, 96.00, 94.00, 94.00, 90.00, 89.00, 97.00, 98.00, 93.75, 89.00, 97.00, 93.00, 89.00, 92.00, 92.00, 92.00, '2023-2024'),
(1448, '958314720193', '7166651', 5, '11', 'Q2', 97.00, 94.00, 89.00, 98.00, 90.00, 98.00, 91.00, 94.00, 93.88, 97.00, 92.00, 93.00, 98.00, 95.00, 74.00, 89.00, '2023-2024'),
(1450, '958314720193', '7166651', 5, '11', 'Q3', 92.00, 95.00, 90.00, 97.00, 93.00, 95.00, 98.00, 95.00, 94.38, 94.00, 96.00, 99.00, 96.00, 96.25, 68.00, 89.00, '2023-2024'),
(1452, '990011223344', '7166651', 5, '11', 'Q1', 97.00, 97.00, 94.00, 89.00, 98.00, 89.00, 95.00, 97.00, 94.50, 99.00, 97.00, 98.00, 98.00, 98.00, 64.00, 89.00, '2023-2024'),
(1454, '990011223344', '7166651', 5, '11', 'Q2', 95.00, 96.00, 97.00, 97.00, 96.00, 90.00, 94.00, 89.00, 94.25, 98.00, 89.00, 96.00, 91.00, 93.50, 98.00, 95.00, '2023-2024'),
(1456, '990011223344', '7166651', 5, '11', 'Q3', 99.00, 93.00, 91.00, 90.00, 96.00, 90.00, 98.00, 95.00, 94.00, 93.00, 91.00, 98.00, 98.00, 95.00, 78.00, 91.00, '2023-2024'),
(1581, '012345678901', '7166651', 5, '11', 'Q4', 98.00, 98.00, 97.00, 91.00, 99.00, 99.00, 99.00, 96.00, 97.13, 98.00, 90.00, 91.00, 94.00, 93.25, 80.00, 91.00, '2023-2024'),
(1583, '100122334455', '7166651', 5, '11', 'Q4', 98.00, 92.00, 92.00, 92.00, 96.00, 94.00, 93.00, 94.00, 93.88, 94.00, 99.00, 92.00, 95.00, 95.00, 60.00, 86.00, '2023-2024'),
(1585, '112233445566', '7166651', 5, '11', 'Q4', 96.00, 98.00, 89.00, 95.00, 89.00, 92.00, 93.00, 91.00, 92.88, 96.00, 98.00, 91.00, 93.00, 94.50, 88.00, 92.00, '2023-2024'),
(1587, '185620937415', '7166651', 5, '11', 'Q4', 95.00, 98.00, 97.00, 92.00, 92.00, 93.00, 92.00, 93.00, 94.00, 99.00, 97.00, 97.00, 97.00, 97.50, 78.00, 92.00, '2023-2024'),
(1589, '223344556677', '7166651', 5, '11', 'Q4', 92.00, 95.00, 90.00, 96.00, 91.00, 99.00, 91.00, 89.00, 92.88, 97.00, 94.00, 92.00, 99.00, 95.50, 70.00, 88.00, '2023-2024'),
(1591, '334455667788', '7166651', 5, '11', 'Q4', 94.00, 96.00, 90.00, 95.00, 96.00, 94.00, 94.00, 98.00, 94.63, 99.00, 89.00, 93.00, 99.00, 95.00, 98.00, 96.00, '2023-2024'),
(1593, '401726150119', '7166651', 5, '11', 'Q4', 98.00, 89.00, 99.00, 95.00, 90.00, 97.00, 93.00, 96.00, 94.63, 91.00, 89.00, 93.00, 90.00, 90.75, 62.00, 85.00, '2023-2024'),
(1595, '445566778899', '7166651', 5, '11', 'Q4', 97.00, 95.00, 96.00, 95.00, 89.00, 92.00, 92.00, 99.00, 94.38, 96.00, 94.00, 94.00, 90.00, 93.50, 78.00, 90.00, '2023-2024'),
(1597, '549372186024', '7166651', 5, '11', 'Q4', 96.00, 94.00, 92.00, 90.00, 98.00, 96.00, 98.00, 93.00, 94.63, 91.00, 89.00, 95.00, 99.00, 93.50, 62.00, 86.00, '2023-2024'),
(1599, '556677889900', '7166651', 5, '11', 'Q4', 97.00, 93.00, 89.00, 97.00, 99.00, 94.00, 93.00, 94.00, 94.50, 90.00, 94.00, 99.00, 94.00, 94.25, 96.00, 95.00, '2023-2024'),
(1601, '643821509274', '7166651', 5, '11', 'Q4', 98.00, 93.00, 93.00, 97.00, 95.00, 97.00, 90.00, 91.00, 94.25, 99.00, 99.00, 97.00, 92.00, 96.75, 76.00, 91.00, '2023-2024'),
(1603, '667788990011', '7166651', 5, '11', 'Q4', 98.00, 92.00, 99.00, 96.00, 98.00, 89.00, 98.00, 90.00, 95.00, 99.00, 92.00, 99.00, 95.00, 96.25, 76.00, 91.00, '2023-2024'),
(1605, '678901234567', '7166651', 5, '11', 'Q4', 92.00, 98.00, 93.00, 94.00, 89.00, 99.00, 96.00, 95.00, 94.50, 98.00, 96.00, 95.00, 89.00, 94.50, 94.00, 94.00, '2023-2024'),
(1607, '762490183657', '7166651', 5, '11', 'Q4', 89.00, 90.00, 93.00, 97.00, 96.00, 91.00, 99.00, 91.00, 93.25, 92.00, 97.00, 89.00, 98.00, 94.00, 62.00, 86.00, '2023-2024'),
(1609, '778899001122', '7166651', 5, '11', 'Q4', 96.00, 94.00, 95.00, 93.00, 91.00, 97.00, 92.00, 92.00, 93.75, 97.00, 97.00, 96.00, 98.00, 97.00, 86.00, 93.00, '2023-2024'),
(1611, '789012345678', '7166651', 5, '11', 'Q4', 97.00, 97.00, 95.00, 93.00, 92.00, 93.00, 89.00, 98.00, 94.25, 92.00, 98.00, 93.00, 92.00, 93.75, 70.00, 88.00, '2023-2024'),
(1613, '845329710584', '7166651', 5, '11', 'Q4', 89.00, 91.00, 98.00, 96.00, 98.00, 90.00, 89.00, 97.00, 93.50, 97.00, 93.00, 89.00, 96.00, 93.75, 74.00, 89.00, '2023-2024'),
(1615, '889900112233', '7166651', 5, '11', 'Q4', 96.00, 90.00, 94.00, 91.00, 94.00, 99.00, 89.00, 94.00, 93.38, 90.00, 93.00, 95.00, 98.00, 94.00, 96.00, 94.00, '2023-2024'),
(1617, '890123456789', '7166651', 5, '11', 'Q4', 92.00, 92.00, 97.00, 95.00, 97.00, 98.00, 91.00, 94.00, 94.50, 97.00, 93.00, 96.00, 90.00, 94.00, 84.00, 92.00, '2023-2024'),
(1619, '901234567890', '7166651', 5, '11', 'Q4', 90.00, 96.00, 99.00, 97.00, 98.00, 89.00, 98.00, 89.00, 94.50, 95.00, 96.00, 99.00, 94.00, 96.00, 74.00, 90.00, '2023-2024'),
(1621, '958314720193', '7166651', 5, '11', 'Q4', 90.00, 94.00, 90.00, 91.00, 93.00, 95.00, 98.00, 93.00, 93.00, 94.00, 92.00, 91.00, 89.00, 91.50, 98.00, 94.00, '2023-2024'),
(1623, '990011223344', '7166651', 5, '11', 'Q4', 91.00, 92.00, 89.00, 89.00, 91.00, 98.00, 96.00, 97.00, 92.88, 96.00, 91.00, 90.00, 90.00, 91.75, 88.00, 91.00, '2023-2024'),
(1656, '123456789012', '3527366', 5, '12', 'Q1', 99.00, 97.00, 89.00, 89.00, 98.00, 93.00, 91.00, 98.00, 94.25, 95.00, 95.00, 89.00, 95.00, 93.50, 90.00, 93.00, '2024-2025'),
(1657, '234567890123', '3527366', 5, '12', 'Q1', 99.00, 93.00, 90.00, 94.00, 90.00, 91.00, 97.00, 89.00, 92.88, 99.00, 96.00, 96.00, 92.00, 95.75, 90.00, 94.00, '2024-2025'),
(1658, '345678901234', '3527366', 5, '12', 'Q1', 99.00, 99.00, 97.00, 89.00, 98.00, 90.00, 92.00, 98.00, 95.25, 95.00, 94.00, 93.00, 96.00, 94.50, 74.00, 90.00, '2024-2025'),
(1659, '456789012345', '3527366', 5, '12', 'Q1', 90.00, 97.00, 93.00, 95.00, 95.00, 93.00, 92.00, 90.00, 93.13, 98.00, 99.00, 90.00, 97.00, 96.00, 82.00, 92.00, '2024-2025'),
(1660, '567890123456', '3527366', 5, '12', 'Q1', 97.00, 97.00, 94.00, 91.00, 94.00, 97.00, 94.00, 92.00, 94.50, 98.00, 95.00, 90.00, 90.00, 93.25, 94.00, 94.00, '2024-2025'),
(1661, '593720468251', '3527366', 5, '12', 'Q1', 93.00, 93.00, 89.00, 98.00, 90.00, 89.00, 98.00, 90.00, 92.50, 90.00, 92.00, 91.00, 90.00, 90.75, 84.00, 90.00, '2024-2025'),
(1662, '276481593047', '3527366', 5, '12', 'Q1', 93.00, 91.00, 99.00, 91.00, 89.00, 93.00, 90.00, 92.00, 92.25, 89.00, 94.00, 91.00, 97.00, 92.75, 76.00, 88.00, '2024-2025'),
(1663, '316472958031', '3527366', 5, '12', 'Q1', 97.00, 97.00, 96.00, 98.00, 92.00, 89.00, 94.00, 89.00, 94.00, 98.00, 99.00, 94.00, 95.00, 96.50, 68.00, 89.00, '2024-2025'),
(1664, '482613970245', '3527366', 5, '12', 'Q1', 98.00, 95.00, 94.00, 98.00, 95.00, 93.00, 90.00, 96.00, 94.88, 97.00, 90.00, 89.00, 98.00, 93.50, 92.00, 93.00, '2024-2025'),
(1665, '730285419367', '3527366', 5, '12', 'Q1', 89.00, 89.00, 99.00, 94.00, 95.00, 95.00, 89.00, 96.00, 93.25, 92.00, 94.00, 93.00, 97.00, 94.00, 82.00, 91.00, '2024-2025'),
(1666, '847193620584', '3527366', 5, '12', 'Q1', 91.00, 96.00, 98.00, 90.00, 99.00, 95.00, 89.00, 94.00, 94.00, 92.00, 99.00, 98.00, 95.00, 96.00, 72.00, 90.00, '2024-2025'),
(1667, '925604731892', '3527366', 5, '12', 'Q1', 89.00, 92.00, 90.00, 97.00, 94.00, 89.00, 89.00, 97.00, 92.13, 97.00, 93.00, 99.00, 94.00, 95.75, 96.00, 95.00, '2024-2025'),
(1680, '123456789012', '3527366', 5, '12', 'Q2', 97.00, 97.00, 94.00, 92.00, 90.00, 94.00, 91.00, 96.00, 93.88, 94.00, 96.00, 96.00, 93.00, 94.75, 86.00, 92.00, '2024-2025'),
(1681, '234567890123', '3527366', 5, '12', 'Q2', 97.00, 92.00, 92.00, 96.00, 92.00, 97.00, 95.00, 97.00, 94.75, 91.00, 94.00, 90.00, 99.00, 93.50, 82.00, 91.00, '2024-2025'),
(1682, '345678901234', '3527366', 5, '12', 'Q2', 98.00, 97.00, 90.00, 93.00, 95.00, 98.00, 94.00, 99.00, 95.50, 91.00, 90.00, 89.00, 98.00, 92.00, 94.00, 93.00, '2024-2025'),
(1683, '456789012345', '3527366', 5, '12', 'Q2', 94.00, 93.00, 96.00, 92.00, 93.00, 91.00, 97.00, 93.00, 93.63, 93.00, 99.00, 95.00, 91.00, 94.50, 84.00, 92.00, '2024-2025'),
(1684, '567890123456', '3527366', 5, '12', 'Q2', 92.00, 89.00, 93.00, 95.00, 99.00, 99.00, 98.00, 94.00, 94.88, 99.00, 90.00, 96.00, 91.00, 94.00, 76.00, 90.00, '2024-2025'),
(1685, '593720468251', '3527366', 5, '12', 'Q2', 92.00, 95.00, 98.00, 94.00, 98.00, 98.00, 96.00, 99.00, 96.25, 94.00, 97.00, 93.00, 98.00, 95.50, 74.00, 90.00, '2024-2025'),
(1686, '276481593047', '3527366', 5, '12', 'Q2', 98.00, 94.00, 99.00, 94.00, 94.00, 89.00, 95.00, 89.00, 94.00, 93.00, 97.00, 96.00, 89.00, 93.75, 76.00, 89.00, '2024-2025'),
(1687, '316472958031', '3527366', 5, '12', 'Q2', 98.00, 95.00, 94.00, 95.00, 96.00, 94.00, 93.00, 93.00, 94.75, 99.00, 93.00, 91.00, 99.00, 95.50, 66.00, 88.00, '2024-2025'),
(1688, '482613970245', '3527366', 5, '12', 'Q2', 89.00, 91.00, 89.00, 94.00, 92.00, 92.00, 96.00, 90.00, 91.63, 98.00, 98.00, 95.00, 95.00, 96.50, 82.00, 92.00, '2024-2025'),
(1689, '730285419367', '3527366', 5, '12', 'Q2', 98.00, 96.00, 97.00, 98.00, 89.00, 96.00, 91.00, 91.00, 94.50, 91.00, 93.00, 91.00, 91.00, 91.50, 74.00, 88.00, '2024-2025'),
(1690, '847193620584', '3527366', 5, '12', 'Q2', 91.00, 99.00, 90.00, 95.00, 97.00, 99.00, 93.00, 91.00, 94.38, 98.00, 96.00, 99.00, 96.00, 97.25, 62.00, 88.00, '2024-2025'),
(1691, '925604731892', '3527366', 5, '12', 'Q2', 98.00, 93.00, 92.00, 92.00, 94.00, 97.00, 91.00, 96.00, 94.13, 98.00, 90.00, 99.00, 96.00, 95.75, 72.00, 89.00, '2024-2025'),
(1704, '123456789012', '3527366', 5, '12', 'Q3', 89.00, 99.00, 93.00, 92.00, 94.00, 93.00, 96.00, 89.00, 93.13, 89.00, 93.00, 96.00, 93.00, 92.75, 76.00, 89.00, '2024-2025'),
(1705, '234567890123', '3527366', 5, '12', 'Q3', 94.00, 95.00, 96.00, 94.00, 93.00, 94.00, 93.00, 93.00, 94.00, 97.00, 96.00, 89.00, 92.00, 93.50, 64.00, 86.00, '2024-2025'),
(1706, '345678901234', '3527366', 5, '12', 'Q3', 91.00, 93.00, 95.00, 96.00, 93.00, 92.00, 91.00, 89.00, 92.50, 95.00, 98.00, 96.00, 98.00, 96.75, 72.00, 90.00, '2024-2025'),
(1707, '456789012345', '3527366', 5, '12', 'Q3', 98.00, 99.00, 92.00, 94.00, 97.00, 90.00, 92.00, 94.00, 94.50, 91.00, 98.00, 94.00, 99.00, 95.50, 70.00, 89.00, '2024-2025'),
(1708, '567890123456', '3527366', 5, '12', 'Q3', 99.00, 95.00, 92.00, 94.00, 97.00, 92.00, 90.00, 97.00, 94.50, 95.00, 93.00, 92.00, 91.00, 92.75, 70.00, 88.00, '2024-2025'),
(1709, '593720468251', '3527366', 5, '12', 'Q3', 95.00, 93.00, 99.00, 96.00, 94.00, 94.00, 90.00, 99.00, 95.00, 95.00, 90.00, 97.00, 94.00, 94.00, 86.00, 92.00, '2024-2025'),
(1710, '276481593047', '3527366', 5, '12', 'Q3', 96.00, 94.00, 93.00, 98.00, 98.00, 96.00, 97.00, 99.00, 96.38, 92.00, 95.00, 91.00, 92.00, 92.50, 80.00, 90.00, '2024-2025'),
(1711, '316472958031', '3527366', 5, '12', 'Q3', 89.00, 97.00, 97.00, 93.00, 99.00, 93.00, 90.00, 94.00, 94.00, 92.00, 97.00, 99.00, 94.00, 95.50, 80.00, 91.00, '2024-2025'),
(1712, '482613970245', '3527366', 5, '12', 'Q3', 89.00, 99.00, 93.00, 93.00, 95.00, 96.00, 96.00, 94.00, 94.38, 91.00, 98.00, 93.00, 94.00, 94.00, 64.00, 87.00, '2024-2025'),
(1713, '730285419367', '3527366', 5, '12', 'Q3', 93.00, 97.00, 94.00, 94.00, 98.00, 99.00, 91.00, 89.00, 94.38, 98.00, 98.00, 99.00, 91.00, 96.50, 62.00, 87.00, '2024-2025'),
(1714, '847193620584', '3527366', 5, '12', 'Q3', 91.00, 94.00, 96.00, 91.00, 99.00, 99.00, 99.00, 98.00, 95.88, 95.00, 93.00, 91.00, 99.00, 94.50, 98.00, 96.00, '2024-2025'),
(1715, '925604731892', '3527366', 5, '12', 'Q3', 93.00, 97.00, 97.00, 92.00, 95.00, 98.00, 96.00, 95.00, 95.38, 89.00, 93.00, 98.00, 91.00, 92.75, 84.00, 91.00, '2024-2025');

--
-- Triggers `grades`
--
DELIMITER $$
CREATE TRIGGER `before_update_grades` BEFORE UPDATE ON `grades` FOR EACH ROW BEGIN
    DECLARE subject_formula ENUM('Core', 'Academic-Other', 'Academic-Special', 'TVL');
    DECLARE subject_semester ENUM('1', '2');

    -- Fetch the FormulaType and Semester from the subject table
    SELECT FormulaType, Semester INTO subject_formula, subject_semester
    FROM subject
    WHERE SubjectID = NEW.SubjectID;

    -- Validate semester and quarter relationship
    IF (subject_semester IS NOT NULL) AND 
       ((subject_semester = '1' AND NEW.quarter NOT IN ('Q1', 'Q2')) OR
        (subject_semester = '2' AND NEW.quarter NOT IN ('Q3', 'Q4'))) THEN
        SIGNAL SQLSTATE '45000'
        SET MESSAGE_TEXT = 'Invalid quarter for this subject semester';
    END IF;

    -- Ensure QA is calculated as a percentage (if provided)
    IF NEW.qa IS NOT NULL THEN
        SET NEW.qa = (NEW.qa / 50) * 100;
    END IF;

    -- Calculate Written Works & Quizzes Average
    SET NEW.ww_qz_average = (IFNULL(NEW.ww1, 0) + IFNULL(NEW.ww2, 0) + IFNULL(NEW.ww3, 0) + IFNULL(NEW.ww4, 0) +
                             IFNULL(NEW.qz1, 0) + IFNULL(NEW.qz2, 0) + IFNULL(NEW.qz3, 0) + IFNULL(NEW.qz4, 0)) / 8;

    -- Calculate Performance Task Average
    SET NEW.pt_average = (IFNULL(NEW.pt1, 0) + IFNULL(NEW.pt2, 0) + IFNULL(NEW.pt3, 0) + IFNULL(NEW.pt4, 0)) / 4;

    -- Calculate Quarter Grade Based on FormulaType
    CASE subject_formula
        WHEN 'Core' THEN
            SET NEW.quarter_grade = ROUND((NEW.ww_qz_average * 0.25) + (NEW.pt_average * 0.50) + (NEW.qa * 0.25), 0);
        WHEN 'Academic-Other' THEN
            SET NEW.quarter_grade = ROUND((NEW.ww_qz_average * 0.25) + (NEW.pt_average * 0.45) + (NEW.qa * 0.30), 0);
        WHEN 'Academic-Special' THEN
            SET NEW.quarter_grade = ROUND((NEW.ww_qz_average * 0.25) + (NEW.pt_average * 0.45) + (NEW.qa * 0.30), 0);
        WHEN 'TVL' THEN
            SET NEW.quarter_grade = ROUND((NEW.ww_qz_average * 0.20) + (NEW.pt_average * 0.60) + (NEW.qa * 0.20), 0);
        ELSE
            SET NEW.quarter_grade = NULL;
    END CASE;

    -- Ensure quarter_grade is at least 70
    IF NEW.quarter_grade < 70 THEN
        SET NEW.quarter_grade = 70;
    END IF;

END
$$
DELIMITER ;
DELIMITER $$
CREATE TRIGGER `calculate_grades` BEFORE INSERT ON `grades` FOR EACH ROW BEGIN
    DECLARE subject_formula ENUM('Core', 'Academic-Other', 'Academic-Special', 'TVL');
    DECLARE subject_semester ENUM('1', '2');

    -- Fetch the FormulaType and Semester from the subject table
    SELECT FormulaType, Semester INTO subject_formula, subject_semester
    FROM subject WHERE SubjectID = NEW.SubjectID;

    -- Allow all quarters if Semester is NULL (Full-Year Subject)
    -- Otherwise, enforce semester-specific quarters
    IF (subject_semester IS NOT NULL) AND 
       ((subject_semester = '1' AND NEW.quarter NOT IN ('Q1', 'Q2')) OR
        (subject_semester = '2' AND NEW.quarter NOT IN ('Q3', 'Q4'))) THEN
        SIGNAL SQLSTATE '45000'
        SET MESSAGE_TEXT = 'Invalid quarter for this subject semester';
    END IF;

    -- Ensure QA is calculated as a percentage (out of 50 items)
    IF NEW.qa IS NOT NULL THEN
        SET NEW.qa = (NEW.qa / 50) * 100;
    END IF;

    -- Calculate Written Works & Quizzes Average (shared calculation)
    SET NEW.ww_qz_average = (IFNULL(NEW.ww1, 0) + IFNULL(NEW.ww2, 0) + IFNULL(NEW.ww3, 0) + IFNULL(NEW.ww4, 0) +
                             IFNULL(NEW.qz1, 0) + IFNULL(NEW.qz2, 0) + IFNULL(NEW.qz3, 0) + IFNULL(NEW.qz4, 0)) / 8;

    -- Calculate Performance Task Average
    SET NEW.pt_average = (IFNULL(NEW.pt1, 0) + IFNULL(NEW.pt2, 0) + IFNULL(NEW.pt3, 0) + IFNULL(NEW.pt4, 0)) / 4;

    -- Calculate Quarter Grade Based on FormulaType
    CASE subject_formula
        WHEN 'Core' THEN
            SET NEW.quarter_grade = ROUND((NEW.ww_qz_average * 0.25) + (NEW.pt_average * 0.50) + (NEW.qa * 0.25), 2);
        WHEN 'Academic-Other' THEN
            SET NEW.quarter_grade = ROUND((NEW.ww_qz_average * 0.25) + (NEW.pt_average * 0.45) + (NEW.qa * 0.30), 2);
        WHEN 'Academic-Special' THEN
            SET NEW.quarter_grade = ROUND((NEW.ww_qz_average * 0.25) + (NEW.pt_average * 0.45) + (NEW.qa * 0.30), 2);
        WHEN 'TVL' THEN
            SET NEW.quarter_grade = ROUND((NEW.ww_qz_average * 0.20) + (NEW.pt_average * 0.60) + (NEW.qa * 0.20), 2);
        ELSE
            SET NEW.quarter_grade = NULL;
    END CASE;

    -- Ensure quarter_grade is floored to at least 70
    IF NEW.quarter_grade < 70 THEN
        SET NEW.quarter_grade = 70;
    END IF;

END
$$
DELIMITER ;
DELIMITER $$
CREATE TRIGGER `enforce_min_quarter_grade` BEFORE UPDATE ON `grades` FOR EACH ROW BEGIN
    -- Ensure quarter_grade is between 70 and 100
    IF NEW.quarter_grade IS NOT NULL THEN
        SET NEW.quarter_grade = LEAST(GREATEST(NEW.quarter_grade, 70), 100);
    END IF;

    -- Cap all other grade fields to a maximum of 100
    SET NEW.ww1 = LEAST(NEW.ww1, 100);
    SET NEW.ww2 = LEAST(NEW.ww2, 100);
    SET NEW.ww3 = LEAST(NEW.ww3, 100);
    SET NEW.ww4 = LEAST(NEW.ww4, 100);

    SET NEW.qz1 = LEAST(NEW.qz1, 100);
    SET NEW.qz2 = LEAST(NEW.qz2, 100);
    SET NEW.qz3 = LEAST(NEW.qz3, 100);
    SET NEW.qz4 = LEAST(NEW.qz4, 100);

    SET NEW.ww_qz_average = LEAST(NEW.ww_qz_average, 100);

    SET NEW.pt1 = LEAST(NEW.pt1, 100);
    SET NEW.pt2 = LEAST(NEW.pt2, 100);
    SET NEW.pt3 = LEAST(NEW.pt3, 100);
    SET NEW.pt4 = LEAST(NEW.pt4, 100);

    SET NEW.pt_average = LEAST(NEW.pt_average, 100);

    SET NEW.qa = LEAST(NEW.qa, 100);
END
$$
DELIMITER ;

-- --------------------------------------------------------

--
-- Table structure for table `information`
--

CREATE TABLE `information` (
  `LRN` char(12) NOT NULL,
  `FirstName` varchar(100) NOT NULL,
  `MiddleName` varchar(100) DEFAULT NULL,
  `LastName` varchar(100) NOT NULL,
  `Strand` enum('HUMSS','GAS','HE','ICT') NOT NULL,
  `Specialization` enum('Programming','CSS','Combo 1','Combo 2') DEFAULT NULL,
  `GradeLevel` enum('11','12') NOT NULL,
  `Section` varchar(50) NOT NULL,
  `Password` varchar(255) NOT NULL,
  `SectionID` int(11) NOT NULL,
  `SchoolYear` varchar(9) NOT NULL
) ENGINE=InnoDB DEFAULT CHARSET=utf8mb4 COLLATE=utf8mb4_general_ci;

--
-- Dumping data for table `information`
--

INSERT INTO `information` (`LRN`, `FirstName`, `MiddleName`, `LastName`, `Strand`, `Specialization`, `GradeLevel`, `Section`, `Password`, `SectionID`, `SchoolYear`) VALUES
('012345678901', 'Eduardo', 'Antonio', 'Ramirez', 'HE', 'Combo 2', '12', 'HE-J', '$2y$10$d3FOp/A2yoVY3A8qTuIJ1eJ5/0FxXX5sPHkEyZ62nA4xTVptkM1ka', 25, '2024-2025'),
('100122334455', 'Luis', 'Antonio', 'Garcia', 'ICT', 'Programming', '12', 'ICT-C', '$2y$10$d3FOp/A2yoVY3A8qTuIJ1eJ5/0FxXX5sPHkEyZ62nA4xTVptkM1ka', 40, '2024-2025'),
('112233445566', 'Rafael', 'Miguel', 'Tan', 'ICT', 'CSS', '12', 'ICT-D', '$2y$10$uXl5G9D/TswK7W5uVcphcOpOCJ1tpEm96eqN6MR02kxUuZYaAFbWi', 41, '2024-2025'),
('123456789012', 'Ana', 'Maria', 'Gonzales', 'HE', 'Combo 1', '11', 'HE-D', '$2y$10$uXl5G9D/TswK7W5uVcphcOpOCJ1tpEm96eqN6MR02kxUuZYaAFbWi', 19, '2024-2025'),
('185620937415', 'Anthony Jr', '', 'Cruz', 'GAS', NULL, '12', 'GAS-E', '$2y$10$rLx8CJ8vX3roEG7I8PpDiOMEmXGkmv6YeTEJ01DZguNEvbDQEyqMi', 35, '2024-2025'),
('223344556677', 'Liza', 'Patricia', 'Garcia', 'ICT', 'CSS', '12', 'ICT-D', '$2y$10$Xf7jJyyL3qKgYxG9KoFwFu4GL4XfytAhK5CE1lv05VRsIXn2U7x9u', 41, '2024-2025'),
('234567890123', 'Luis', 'Antonio', 'Reyes', 'HE', 'Combo 1', '11', 'HE-D', '$2y$10$Xf7jJyyL3qKgYxG9KoFwFu4GL4XfytAhK5CE1lv05VRsIXn2U7x9u', 19, '2024-2025'),
('276481593047', 'Clain', NULL, 'Florentino', 'HUMSS', NULL, '11', 'HUMMS-A', '$2y$10$yj8guHOASAFnYzrh5rmQhu78j1HvNRJ7ohBymmWUpVmU3pzUZ6yqK', 1, '2024-2025'),
('316472958031', 'Emmanuel', 'Santos', 'Morales', 'HUMSS', NULL, '11', 'HUMSS-A', '$2y$10$hHcGzWWrR0FlJ7mHgISUmeKzJ5d8tvjcDVaFvNHc9qMc6RhnklWvK', 1, '2024-2025'),
('334455667788', 'Victor', 'Antonio', 'Mendoza', 'ICT', 'CSS', '12', 'ICT-D', '$2y$10$hHcGzWWrR0FlJ7mHgISUmeKzJ5d8tvjcDVaFvNHc9qMc6RhnklWvK', 41, '2024-2025'),
('345678901234', 'Isabel', 'Catherine', 'Santos', 'HE', 'Combo 1', '11', 'HE-D', '$2y$10$hHcGzWWrR0FlJ7mHgISUmeKzJ5d8tvjcDVaFvNHc9qMc6RhnklWvK', 19, '2024-2025'),
('401726150119', 'Aldrin', 'Vermosa', 'Fernandez', 'ICT', 'Programming', '12', 'ICT-C', '$2y$10$LE82GPs1ofjML3MdncfCOO2hez.DYTSlipoFJ14MZBVNeOqRTKq8G', 40, '2024-2025'),
('445566778899', 'Jessica', 'Rosa', 'Dizon', 'ICT', 'CSS', '12', 'ICT-D', '$2y$10$rLx8CJ8vX3roEG7I8PpDiOMEmXGkmv6YeTEJ01DZguNEvbDQEyqMi', 41, '2024-2025'),
('456789012345', 'Carlos', 'Eduardo', 'Mendoza', 'HE', 'Combo 1', '11', 'HE-D', '$2y$10$rLx8CJ8vX3roEG7I8PpDiOMEmXGkmv6YeTEJ01DZguNEvbDQEyqMi', 19, '2024-2025'),
('482613970245', 'Gabriela', 'Martinez', 'Del Rosario', 'HUMSS', NULL, '11', 'HUMSS-A', '$2y$10$d3FOp/A2yoVY3A8qTuIJ1eJ5/0FxXX5sPHkEyZ62nA4xTVptkM1ka', 1, '2024-2025'),
('549372186024', 'Carla', 'Martinez', 'Reyes', 'GAS', NULL, '12', 'GAS-E', '$2y$10$d3FOp/A2yoVY3A8qTuIJ1eJ5/0FxXX5sPHkEyZ62nA4xTVptkM1ka', 35, '2024-2025'),
('556677889900', 'Marco', 'Eduardo', 'Santos', 'ICT', 'CSS', '12', 'ICT-D', '$2y$10$d3FOp/A2yoVY3A8qTuIJ1eJ5/0FxXX5sPHkEyZ62nA4xTVptkM1ka', 41, '2024-2025'),
('567890123456', 'Gabriela', 'Lucia', 'Del Rosario', 'HE', 'Combo 1', '11', 'HE-D', '$2y$10$d3FOp/A2yoVY3A8qTuIJ1eJ5/0FxXX5sPHkEyZ62nA4xTVptkM1ka', 19, '2024-2025'),
('593720468251', 'Jan Chloe', NULL, 'Kintay', 'HE', 'Combo 1', '11', 'HE-D', '$2y$10$R1y6AS.kZTcsCFVbZkG/n.LGwyy4qr.9hrVpuZvXCNY4kjka7.K5K', 19, '2024-2025'),
('643821509274', 'Josefina', 'Gonzales', 'Castillo', 'GAS', NULL, '12', 'GAS-E', '$2y$10$hHcGzWWrR0FlJ7mHgISUmeKzJ5d8tvjcDVaFvNHc9qMc6RhnklWvK', 35, '2024-2025'),
('667788990011', 'Dante', 'Carlos', 'Alvarez', 'ICT', 'Programming', '12', 'ICT-C', '$2y$10$uXl5G9D/TswK7W5uVcphcOpOCJ1tpEm96eqN6MR02kxUuZYaAFbWi', 40, '2024-2025'),
('678901234567', 'Juan', 'Carlos', 'Dela Cruz', 'HE', 'Combo 2', '12', 'HE-J', '$2y$10$uXl5G9D/TswK7W5uVcphcOpOCJ1tpEm96eqN6MR02kxUuZYaAFbWi', 25, '2024-2025'),
('730285419367', 'Carlos', 'Domingo', 'Navarro', 'HUMSS', NULL, '11', 'HUMSS-A', '$2y$10$rLx8CJ8vX3roEG7I8PpDiOMEmXGkmv6YeTEJ01DZguNEvbDQEyqMi', 1, '2024-2025'),
('762490183657', 'Mario', 'Santos', 'Ramos', 'GAS', NULL, '12', 'GAS-E', '$2y$10$Xf7jJyyL3qKgYxG9KoFwFu4GL4XfytAhK5CE1lv05VRsIXn2U7x9u', 35, '2024-2025'),
('778899001122', 'Isabel', 'Andrea', 'Lopez', 'ICT', 'Programming', '12', 'ICT-C', '$2y$10$Xf7jJyyL3qKgYxG9KoFwFu4GL4XfytAhK5CE1lv05VRsIXn2U7x9u', 40, '2024-2025'),
('789012345678', 'Maria', 'Elizabetha', 'Quimay', 'HE', 'Combo 2', '12', 'HE-J', '$2y$10$Xf7jJyyL3qKgYxG9KoFwFu4GL4XfytAhK5CE1lv05VRsIXn2U7x9u', 25, '2024-2025'),
('845329710584', 'Marcus', 'Zy', 'Burgo', 'ICT', 'CSS', '12', 'ICT-D', '$2y$10$S4Kq9Bq/Mr7Bu7AJFnz15OPwSMmwone/DgWC/K8jXfQ0FgYFehus.', 41, '2024-2025'),
('847193620584', 'Elena', 'Rivera', 'Lopez', 'HUMSS', NULL, '11', 'HUMSS-A', '$2y$10$uXl5G9D/TswK7W5uVcphcOpOCJ1tpEm96eqN6MR02kxUuZYaAFbWi', 1, '2024-2025'),
('889900112233', 'Adrian', 'Marcelo', 'Dela Cruz', 'ICT', 'Programming', '12', 'ICT-C', '$2y$10$hHcGzWWrR0FlJ7mHgISUmeKzJ5d8tvjcDVaFvNHc9qMc6RhnklWvK', 40, '2024-2025'),
('890123456789', 'Ricardo', 'Luis', 'Santos', 'HE', 'Combo 2', '12', 'HE-J', '$2y$10$hHcGzWWrR0FlJ7mHgISUmeKzJ5d8tvjcDVaFvNHc9qMc6RhnklWvK', 25, '2024-2025'),
('901234567890', 'Ariana', 'Gabrielle', 'Garcia', 'HE', 'Combo 2', '12', 'HE-J', '$2y$10$rLx8CJ8vX3roEG7I8PpDiOMEmXGkmv6YeTEJ01DZguNEvbDQEyqMi', 25, '2024-2025'),
('925604731892', 'Miguel', 'Cruz', 'Fernandez', 'HUMSS', NULL, '11', 'HUMSS-A', '$2y$10$Xf7jJyyL3qKgYxG9KoFwFu4GL4XfytAhK5CE1lv05VRsIXn2U7x9u', 1, '2024-2025'),
('958314720193', 'Juana', 'Reyes', 'Dela Cruz', 'GAS', NULL, '12', 'GAS-E', '$2y$10$uXl5G9D/TswK7W5uVcphcOpOCJ1tpEm96eqN6MR02kxUuZYaAFbWi', 35, '2024-2025'),
('990011223344', 'Sofia', 'Camille', 'Fernandez', 'ICT', 'Programming', '12', 'ICT-C', '$2y$10$rLx8CJ8vX3roEG7I8PpDiOMEmXGkmv6YeTEJ01DZguNEvbDQEyqMi', 40, '2024-2025');

-- --------------------------------------------------------

--
-- Table structure for table `SchoolYear`
--

CREATE TABLE `SchoolYear` (
  `SchoolYear` varchar(9) NOT NULL
) ENGINE=InnoDB DEFAULT CHARSET=utf8mb4 COLLATE=utf8mb4_general_ci;

--
-- Dumping data for table `SchoolYear`
--

INSERT INTO `SchoolYear` (`SchoolYear`) VALUES
('2023-2024'),
('2024-2025'),
('2025-2026');

-- --------------------------------------------------------

--
-- Table structure for table `sections`
--

CREATE TABLE `sections` (
  `SectionID` int(11) NOT NULL,
  `SectionName` varchar(50) NOT NULL,
  `StrandName` varchar(150) NOT NULL,
  `Track` enum('TVL','Academic') DEFAULT NULL
) ENGINE=InnoDB DEFAULT CHARSET=utf8mb4 COLLATE=utf8mb4_general_ci;

--
-- Dumping data for table `sections`
--

INSERT INTO `sections` (`SectionID`, `SectionName`, `StrandName`, `Track`) VALUES
(1, 'HUMSS-A', 'HUMSS', 'Academic'),
(2, 'HUMSS-B', 'HUMSS', 'Academic'),
(3, 'HUMSS-C', 'HUMSS', 'Academic'),
(4, 'HUMSS-D', 'HUMSS', 'Academic'),
(5, 'HUMSS-E', 'HUMSS', 'Academic'),
(6, 'HUMSS-F', 'HUMSS', 'Academic'),
(7, 'HUMSS-G', 'HUMSS', 'Academic'),
(8, 'HUMSS-H', 'HUMSS', 'Academic'),
(9, 'HUMSS-I', 'HUMSS', 'Academic'),
(10, 'HUMSS-J', 'HUMSS', 'Academic'),
(16, 'HE-A', 'HE-Combo 1', 'TVL'),
(17, 'HE-B', 'HE-Combo 1', 'TVL'),
(18, 'HE-C', 'HE-Combo 1', 'TVL'),
(19, 'HE-D', 'HE-Combo 1', 'TVL'),
(20, 'HE-E', 'HE-Combo 1', 'TVL'),
(21, 'HE-F', 'HE-Combo 2', 'TVL'),
(22, 'HE-G', 'HE-Combo 2', 'TVL'),
(23, 'HE-H', 'HE-Combo 2', 'TVL'),
(24, 'HE-I', 'HE-Combo 2', 'TVL'),
(25, 'HE-J', 'HE-Combo 2', 'TVL'),
(31, 'GAS-A', 'GAS', 'Academic'),
(32, 'GAS-B', 'GAS', 'Academic'),
(33, 'GAS-C', 'GAS', 'Academic'),
(34, 'GAS-D', 'GAS', 'Academic'),
(35, 'GAS-E', 'GAS', 'Academic'),
(36, 'GAS-F', 'GAS', 'Academic'),
(37, 'GAS-G', 'GAS', 'Academic'),
(38, 'ICT-A', 'ICT-Programming', 'TVL'),
(39, 'ICT-B', 'ICT-Programming', 'TVL'),
(40, 'ICT-C', 'ICT-Programming', 'TVL'),
(41, 'ICT-D', 'ICT-CSS', 'TVL'),
(42, 'ICT-E', 'ICT-CSS', 'TVL');

--
-- Triggers `sections`
--
DELIMITER $$
CREATE TRIGGER `assign_strandname_before_insert` BEFORE INSERT ON `sections` FOR EACH ROW BEGIN
    -- Automatically assign StrandName based on SectionName patterns
    IF NEW.SectionName REGEXP '^HE-[A-E]$' THEN
        SET NEW.StrandName = 'HE-Combo 1';
    ELSEIF NEW.SectionName REGEXP '^HE-[F-J]$' THEN
        SET NEW.StrandName = 'HE-Combo 2';
    ELSEIF NEW.SectionName REGEXP '^ICT-[A-C]$' THEN
        SET NEW.StrandName = 'ICT-Programming';
    ELSEIF NEW.SectionName REGEXP '^ICT-[D-F]$' THEN
        SET NEW.StrandName = 'ICT-CSS';
    ELSEIF NEW.SectionName REGEXP '^HUMSS-[A-Z]$' THEN
        SET NEW.StrandName = 'HUMSS';
    ELSEIF NEW.SectionName REGEXP '^GAS-[A-Z]$' THEN
        SET NEW.StrandName = 'GAS';
    END IF;
END
$$
DELIMITER ;

-- --------------------------------------------------------

--
-- Table structure for table `strands`
--

CREATE TABLE `strands` (
  `StrandID` int(11) NOT NULL,
  `StrandName` varchar(150) NOT NULL,
  `Track` varchar(50) GENERATED ALWAYS AS (case when `StrandName` in ('ICT-Programming','ICT-CSS','HE-Combo 1','HE-Combo 2') then 'TVL' else 'Academic' end) STORED
) ENGINE=InnoDB DEFAULT CHARSET=utf8mb4 COLLATE=utf8mb4_general_ci;

--
-- Dumping data for table `strands`
--

INSERT INTO `strands` (`StrandID`, `StrandName`) VALUES
(2, 'GAS'),
(5, 'HE-Combo 1'),
(6, 'HE-Combo 2'),
(1, 'HUMSS'),
(4, 'ICT-CSS'),
(3, 'ICT-Programming');

-- --------------------------------------------------------

--
-- Table structure for table `subject`
--

CREATE TABLE `subject` (
  `SubjectID` int(11) NOT NULL,
  `SubjectName` varchar(255) NOT NULL,
  `Grade` enum('11','12') DEFAULT NULL,
  `Semester` enum('1','2') DEFAULT NULL,
  `Track` enum('Academic','TVL') DEFAULT NULL,
  `Type` enum('Core','Applied','Immersion','Specialized') NOT NULL,
  `Strand` enum('HUMSS','GAS','ICT-Programming','ICT-CSS','HE-Combo 1','HE-Combo 2','All') NOT NULL DEFAULT 'All',
  `FormulaType` enum('Core','Academic-Other','Academic-Special','TVL') NOT NULL DEFAULT 'Core',
  `WrittenWorkWeight` decimal(5,2) NOT NULL DEFAULT 0.00,
  `PerformanceTaskWeight` decimal(5,2) NOT NULL DEFAULT 0.00,
  `QuarterlyAssessmentWeight` decimal(5,2) NOT NULL DEFAULT 0.00
) ENGINE=InnoDB DEFAULT CHARSET=utf8mb4 COLLATE=utf8mb4_general_ci;

--
-- Dumping data for table `subject`
--

INSERT INTO `subject` (`SubjectID`, `SubjectName`, `Grade`, `Semester`, `Track`, `Type`, `Strand`, `FormulaType`, `WrittenWorkWeight`, `PerformanceTaskWeight`, `QuarterlyAssessmentWeight`) VALUES
(1, 'Oral Communication', '11', '1', NULL, 'Core', 'All', 'Core', 25.00, 50.00, 25.00),
(2, 'Komunikasyon at Pananaliksik sa Wika at Kulturang Pilipino', '11', '1', NULL, 'Core', 'All', 'Core', 25.00, 50.00, 25.00),
(3, 'General Mathematics', '11', '1', NULL, 'Core', 'All', 'Core', 25.00, 50.00, 25.00),
(4, 'Earth and Life Science', '11', '1', NULL, 'Core', 'All', 'Core', 25.00, 50.00, 25.00),
(5, 'Physical Education and Health', NULL, NULL, NULL, 'Core', 'All', 'Core', 25.00, 50.00, 25.00),
(6, 'Understanding Culture, Society, and Politics', '11', '1', NULL, 'Core', 'All', 'Core', 25.00, 50.00, 25.00),
(7, 'Reading and Writing', '11', '2', NULL, 'Core', 'All', 'Core', 25.00, 50.00, 25.00),
(8, 'Pagbasa at Pagsusuri ng Iba\'t Ibang Teksto Tungo sa Pananaliksik', '11', '2', NULL, 'Core', 'All', 'Core', 25.00, 50.00, 25.00),
(9, 'Statistics and Probability', '11', '2', NULL, 'Core', 'All', 'Core', 25.00, 50.00, 25.00),
(10, 'Physical Science', '11', '2', NULL, 'Core', 'All', 'Core', 25.00, 50.00, 25.00),
(11, 'Media and Information Literacy', '11', '2', NULL, 'Core', 'All', 'Core', 25.00, 50.00, 25.00),
(12, 'Introduction to the Philosophy of Human Person', '12', '1', NULL, 'Core', 'All', 'Core', 25.00, 50.00, 25.00),
(13, '21st Century Literature from the Philippines and the World', '12', '1', NULL, 'Core', 'All', 'Core', 25.00, 50.00, 25.00),
(14, 'Personal Development', '12', '2', NULL, 'Core', 'All', 'Core', 25.00, 50.00, 25.00),
(15, 'Comtemporary Philippine Arts from Regions', '12', '2', NULL, 'Core', 'All', 'Core', 25.00, 50.00, 25.00),
(16, 'Computer Programming', NULL, NULL, 'TVL', 'Specialized', 'ICT-Programming', 'TVL', 20.00, 60.00, 20.00),
(17, 'Computer System Servicing', NULL, NULL, 'TVL', 'Specialized', 'ICT-CSS', 'TVL', 20.00, 60.00, 20.00),
(19, 'Empowerment Technologies', '11', '1', 'Academic', 'Applied', 'All', 'Academic-Other', 25.00, 45.00, 30.00),
(20, 'Empowerment Technologies', '11', '1', 'TVL', 'Applied', 'All', 'TVL', 20.00, 60.00, 20.00),
(21, 'Entrepreneurship', '11', '2', 'Academic', 'Applied', 'All', 'Academic-Other', 25.00, 45.00, 30.00),
(22, 'Entrepreneurship', '11', '2', 'TVL', 'Applied', 'All', 'TVL', 20.00, 60.00, 20.00),
(25, 'English for Academic and Professional Purposes', '12', '2', 'Academic', 'Applied', 'All', 'Academic-Other', 25.00, 45.00, 30.00),
(26, 'English for Academic and Professional Purposes', '12', '2', 'TVL', 'Applied', 'All', 'TVL', 20.00, 60.00, 20.00),
(27, 'Inquiries, Investigations and Immersions', '12', '2', 'Academic', 'Immersion', 'All', 'Academic-Special', 35.00, 40.00, 25.00),
(28, 'Work Immersion', '12', '2', 'Academic', 'Immersion', 'All', 'Academic-Special', 35.00, 40.00, 25.00),
(29, 'Work Immersion', '12', '2', 'TVL', 'Immersion', 'All', 'TVL', 20.00, 60.00, 20.00),
(30, 'Inquiries, Investigations and Immersions', '12', '2', 'TVL', 'Immersion', 'All', 'TVL', 20.00, 60.00, 20.00),
(31, 'Practical Research 1', '11', '2', 'Academic', 'Applied', 'All', 'Academic-Other', 25.00, 45.00, 30.00),
(32, 'Practical Research 1', '11', '2', 'TVL', 'Applied', 'All', 'TVL', 20.00, 60.00, 20.00),
(33, 'Practical Research 2', '12', '1', 'TVL', 'Applied', 'All', 'TVL', 20.00, 60.00, 20.00),
(34, 'Practical Research 2', '12', '1', 'Academic', 'Applied', 'All', 'Academic-Other', 25.00, 45.00, 30.00),
(35, 'Food and Beverages Services', '11', '1', 'TVL', 'Applied', 'HE-Combo 2', 'TVL', 20.00, 60.00, 20.00),
(36, 'Bread and Pastry Production', '11', '2', 'TVL', 'Applied', 'HE-Combo 1', 'TVL', 20.00, 60.00, 20.00),
(37, 'Cookery', '12', NULL, 'TVL', 'Specialized', 'HE-Combo 1', 'TVL', 20.00, 60.00, 20.00),
(38, 'Front Office Services', '12', '1', 'TVL', 'Specialized', 'HE-Combo 2', 'TVL', 20.00, 60.00, 20.00),
(39, 'House Keeping', '12', '2', 'TVL', 'Specialized', 'HE-Combo 2', 'TVL', 20.00, 60.00, 20.00),
(41, 'Introduction to World Religions and Belief Systems', '11', '1', 'Academic', 'Specialized', 'GAS', 'Academic-Other', 25.00, 45.00, 30.00),
(42, 'Disciplines and Ideas in the Social Sciences', '11', '2', 'Academic', 'Specialized', 'HUMSS', 'Academic-Other', 25.00, 45.00, 30.00),
(43, 'Applied Economics', '11', '2', 'Academic', 'Specialized', 'GAS', 'Academic-Other', 25.00, 45.00, 30.00),
(44, 'Business Ethics & Social Responsibility', '12', '1', 'Academic', 'Specialized', 'GAS', 'Academic-Other', 25.00, 45.00, 30.00),
(45, 'Community Engagement, Solidarity, and Citizenship', '12', '1', 'Academic', 'Specialized', 'HUMSS', 'Academic-Other', 25.00, 45.00, 30.00),
(46, 'Discipline and Ideas in the Applied Social Sciences', '12', '1', 'Academic', 'Specialized', 'HUMSS', 'Academic-Other', 25.00, 45.00, 30.00),
(47, 'Organization and Management', '12', '1', 'Academic', 'Specialized', 'GAS', 'Academic-Other', 25.00, 45.00, 30.00),
(48, 'Disaster Readiness and Risk Reduction', '12', '1', 'Academic', 'Specialized', 'GAS', 'Academic-Other', 25.00, 45.00, 30.00),
(49, 'Philippine Politics and Governance', '12', '1', 'Academic', 'Specialized', 'HUMSS', 'Academic-Other', 25.00, 45.00, 30.00),
(50, 'Trends, Networks, And Critical Thinking in the 21st Century Culture', '12', '2', 'Academic', 'Specialized', 'HUMSS', 'Academic-Other', 25.00, 45.00, 30.00),
(51, 'Creative Nonfiction', '12', '2', 'Academic', 'Specialized', 'HUMSS', 'Academic-Other', 25.00, 45.00, 30.00),
(52, 'General Biology', '12', '2', 'Academic', 'Specialized', 'GAS', 'Academic-Other', 25.00, 45.00, 30.00),
(53, 'Filipino sa Piling Larang', '12', '1', 'Academic', 'Applied', 'All', 'Academic-Other', 25.00, 45.00, 30.00),
(54, 'Filipino sa Piling Larang', '12', '1', 'TVL', 'Applied', 'All', 'TVL', 20.00, 60.00, 20.00);

--
-- Triggers `subject`
--
DELIMITER $$
CREATE TRIGGER `set_grading_weights` BEFORE INSERT ON `subject` FOR EACH ROW BEGIN
    -- Determine FormulaType based on Track and Type
    IF NEW.Track = 'TVL' THEN
        SET NEW.FormulaType = 'TVL';
    ELSEIF NEW.Track = 'Academic' THEN
        IF NEW.Type = 'Immersion' THEN
            SET NEW.FormulaType = 'Academic-Special';
        ELSEIF NEW.Type = 'Applied' THEN
        	SET NEW.FormulaType = 'Academic-Other';
        ELSEIF NEW.Type = 'Specialized' THEN
        	SET NEW.FormulaType = 'Academic-Other';
        ELSE
            SET NEW.FormulaType = 'Core';
        END IF;
    END IF;

    -- Assign weights based on FormulaType
    CASE NEW.FormulaType
        WHEN 'Core' THEN
            SET NEW.WrittenWorkWeight = 25.00,
                NEW.PerformanceTaskWeight = 50.00,
                NEW.QuarterlyAssessmentWeight = 25.00;
        WHEN 'Academic-Other' THEN
            SET NEW.WrittenWorkWeight = 25.00,
                NEW.PerformanceTaskWeight = 45.00,
                NEW.QuarterlyAssessmentWeight = 30.00;
        WHEN 'Academic-Special' THEN
            SET NEW.WrittenWorkWeight = 35.00,
                NEW.PerformanceTaskWeight = 40.00,
                NEW.QuarterlyAssessmentWeight = 25.00;
        WHEN 'TVL' THEN
            SET NEW.WrittenWorkWeight = 20.00,
                NEW.PerformanceTaskWeight = 60.00,
                NEW.QuarterlyAssessmentWeight = 20.00;
        ELSE
            SET NEW.WrittenWorkWeight = 0.00,
                NEW.PerformanceTaskWeight = 0.00,
                NEW.QuarterlyAssessmentWeight = 0.00;
    END CASE;
END
$$
DELIMITER ;

-- --------------------------------------------------------

--
-- Table structure for table `teachers`
--

CREATE TABLE `teachers` (
  `TeacherID` char(7) NOT NULL,
  `FirstName` varchar(50) DEFAULT NULL,
  `MiddleName` varchar(50) DEFAULT NULL,
  `LastName` varchar(50) DEFAULT NULL,
  `Email` varchar(100) DEFAULT NULL,
  `Password` varchar(255) DEFAULT NULL,
  `Role` enum('admin','teacher') DEFAULT 'teacher',
  `created_at` timestamp NOT NULL DEFAULT current_timestamp()
) ENGINE=InnoDB DEFAULT CHARSET=utf8mb4 COLLATE=utf8mb4_general_ci;

--
-- Dumping data for table `teachers`
--

INSERT INTO `teachers` (`TeacherID`, `FirstName`, `MiddleName`, `LastName`, `Email`, `Password`, `Role`, `created_at`) VALUES
('1000001', 'Juan', 'Dela', 'Cruz', 'juan.cruz@example.com', '$2y$10$X9ENHjV.rCNF5c65LSAvh.n0RUkm7BGKyMCv4gh7MX6TTeGWWI.1u', 'teacher', '2025-02-23 03:32:33'),
('1000002', 'Maria', 'Santos', 'Reyes', 'maria.reyes@example.com', '$2y$10$y4VYb/ZZscjS1wY/.hI2AuCAHeBq7Je9iV1WUrJcCEaK9MtF1BknG', 'teacher', '2025-02-23 03:32:33'),
('1000003', 'Jose', 'Gonzales', 'Ramos', 'jose.ramos@example.com', '$2y$10$1cZlhD7FvbtdO/l5RU83qO4G.1v7h1M/7y2Ntb7oSwLVW9P3hy3au', 'teacher', '2025-02-23 03:32:33'),
('1000004', 'Ana', 'Rivera', 'Garcia', 'ana.garcia@example.com', '$2y$10$fH8p2dH9tTFMBCgyK3d32uU7xqVtWCS8YtA95TtCIQckfMQ2yeHy2', 'teacher', '2025-02-23 03:32:33'),
('1000005', 'Pedro', 'Lopez', 'Valdez', 'pedro.valdez@example.com', '$2y$10$UIMszLSggU68eyA2sC1AaOZQhB36MzxHHjEhlVsTqR1B7ZMeDJcCG', 'teacher', '2025-02-23 03:32:33'),
('1000006', 'Carmen', 'Dizon', 'Torres', 'carmen.torres@example.com', '$2y$10$K9B0FXycuIzEjAivJCSFReWFnRQ7Uaz5m3Cxe6Xis7b0e2Mgy/Uz6', 'teacher', '2025-02-23 03:32:33'),
('1000007', 'Andres', 'Manuel', 'De Castro', 'andres.castro@example.com', '$2y$10$2HnpQ3TwET3AglbWOLbuFOx8bD00n1u8bmURh5Rp84P1ywnDiwEnu', 'teacher', '2025-02-23 03:32:33'),
('1000008', 'Rosa', 'Villanueva', 'Aquino', 'rosa.aquino@example.com', '$2y$10$7DHG2H/R8FSZK8lzPBmQuue6ZLEtc9QklYYMDgRGIQyo8pvLuP6WW', 'teacher', '2025-02-23 03:32:33'),
('1000009', 'Lito', 'Espino', 'Salvador', 'lito.salvador@example.com', '$2y$10$3B8nZpAL/bHjErXSMnSTMeoFfhD7DmjEtU5/sG8XBjUdmuRCEen/m', 'teacher', '2025-02-23 03:32:33'),
('1000010', 'Gloria', 'Balagtas', 'Lim', 'gloria.lim@example.com', '$2y$10$We89An/lykrMw5.fN6yJve5hLeEawLyRIyrQo.qFGW3/N8RGtn0sm', 'teacher', '2025-02-23 03:32:33'),
('1000011', 'Antonio', 'Martinez', 'De Vera', 'antonio.vera@example.com', '$2y$10$GeRsBt/Ty/Kd9Q5b4yVhpOlgK4XlCI3BRh4oJJ4k59yVRgKHAsXcC', 'teacher', '2025-02-23 03:32:33'),
('1000012', 'Luisa', 'Bautista', 'Navarro', 'luisa.navarro@example.com', '$2y$10$z3M4QFb6b0GihIhB5LpVkOWYV/rE9o52BmgCFUq6r40YVY1CpO9m.', 'teacher', '2025-02-23 03:32:33'),
('1000013', 'Ramon', 'Lazaro', 'Tiu', 'ramon.tiu@example.com', '$2y$10$4E/WFP6MXZVkaAoFb2uC3OnUNr0.LlA/bONeY64EX0Ug9SMx2iUwK', 'teacher', '2025-02-23 03:32:33'),
('1000014', 'Isabel', 'Castillo', 'Santiago', 'isabel.santiago@example.com', '$2y$10$0F.vLBoKYslcEonZm5n1Gu9MjK9iXKfFeTCA7Arz/OaBdijbYeIkC', 'teacher', '2025-02-23 03:32:33'),
('1000015', 'Ricardo', 'Yap', 'Chua', 'ricardo.chua@example.com', '$2y$10$eErX8v9F9Eno7RFO1ZB5uuwMcYb/Nl58mOSG0EtGyXmB/FGWeh09e', 'teacher', '2025-02-23 03:32:33'),
('1000016', 'Marites', 'Tan', 'Uy', 'marites.uy@example.com', '$2y$10$Vd9McZxP2F8d94G3/1uU0uz56x5rE5mV2PPxTCtMYab9OJ/npM3/C', 'teacher', '2025-02-23 03:32:33'),
('1000017', 'Basilio', 'De Los', 'Santos', 'basilio.santos@example.com', '$2y$10$PyhShSAnzNYh/LW6shSK2eQnvJ7NCH5sG6ZfNjeNBVZJjl1jV/VXm', 'teacher', '2025-02-23 03:32:33'),
('1000018', 'Teresa', 'Flores', 'Cruz', 'teresa.cruz@example.com', '$2y$10$5pZ.y1DaP4dy.TdGZ6E3reOHZQnGV3bXadG3emRAiyL9hh7zQL1yW', 'teacher', '2025-02-23 03:32:33'),
('1000019', 'Oscar', 'Reynoso', 'Villanueva', 'oscar.villanueva@example.com', '$2y$10$1BBVkgO1P5PP/lsMGX7LSO.owHElKrG8.eFr73aA7McAZz/vXxgA6', 'teacher', '2025-02-23 03:32:33'),
('1000020', 'Ligaya', 'Morales', 'Castro', 'ligaya.castro@example.com', '$2y$10$lZo1z25IfVndb8hD7I5YeuLNEZQ51rAPiwYiA5f3lVCz8rFXj.RlW', 'teacher', '2025-02-23 03:32:33'),
('1000021', 'Daniel', 'Cruz', 'Santos', 'daniel.santos@example.com', '$2y$10$H1A1kXJZ3JpG1Bf4W9O2.ezKpYYOq87LrImKQ08lbIfAZLoEDhKZi', 'teacher', '2025-02-26 15:13:49'),
('1000022', 'Angela', 'Reyes', 'Castro', 'angela.castro@example.com', '$2y$10$K8NJei7Lf0/Ub5G8l3HnMOzO34WSXfE1P2WEfWvE7Sdr7U2uZ4E52', 'teacher', '2025-02-26 15:13:49'),
('1000023', 'Mariano', 'Dela', 'Rosa', 'mariano.rosa@example.com', '$2y$10$FUV0LnOYtN/SZzCkgskgYeNQ1Xev7Z/qCRn.OtHl59uP0ofhxV0e6', 'teacher', '2025-02-26 15:13:49'),
('1000024', 'Regina', 'Manuel', 'Gutierrez', 'regina.gutierrez@example.com', '$2y$10$9D5B0zXT3w8H/EMrFeFJFe8NwHt7vUo0Q52OClB4P3MJkHp1EZJle', 'teacher', '2025-02-26 15:13:49'),
('1000025', 'Victor', 'Lim', 'Salazar', 'victor.salazar@example.com', '$2y$10$hHqY2VBl6vWdpAnW8AoV7e98H1EsKp3kXpTqXUklZfAb2pGv5YFC6', 'teacher', '2025-02-26 15:13:49'),
('1000026', 'Alicia', 'Valdez', 'De Guzman', 'alicia.guzman@example.com', '$2y$10$NzgG5H.PwC2XnE06zOvEYeqxxNVG3omG9oWYljYX88r2m54PRb.YG', 'teacher', '2025-02-26 15:13:49'),
('1000027', 'Emilio', 'Tan', 'Santiago', 'emilio.santiago@example.com', '$2y$10$R7mCjBsk5Jbs4TxU1EnJkeuvRoZpMgS0.ZN0s/QP8XfF1kCb67.7S', 'teacher', '2025-02-26 15:13:49'),
('1000028', 'Cynthia', 'Morales', 'Navarro', 'cynthia.navarro@example.com', '$2y$10$TDXXMhyYoJWtZ4dB9XaycO3frEzUNtLoOpAZG6myoNUpBfhZ1sFiW', 'teacher', '2025-02-26 15:13:49'),
('1000029', 'Arnold', 'Dizon', 'Bautista', 'arnold.bautista@example.com', '$2y$10$WczgeD9zKFXn4Z8RQ1JXueMZhzqWD9P5qkOqx3t6JG4tDWxRJoXk2', 'teacher', '2025-02-26 15:13:49'),
('1000030', 'Patricia', 'Lopez', 'Tiu', 'patricia.tiu@example.com', '$2y$10$SDzpjZTUMKpS6X1Y8uDpzOUxqAZXWYezSTMyThb5U5NH0RoklEYmm', 'teacher', '2025-02-26 15:13:49'),
('1000031', 'Manuel', 'Castillo', 'Chua', 'manuel.chua@example.com', '$2y$10$DfY90UVphNX/X5yRzdpmeu99WsTAsKKFn.ayTp2BtRzEIoAdhpEoy', 'teacher', '2025-02-26 15:13:49'),
('1000032', 'Carla', 'Balagtas', 'Uy', 'carla.uy@example.com', '$2y$10$NkdXOjqT/uqQEDsFMHk3tuH5/ylJf8HKhHpYtU53j0JMgxQ9rPK8a', 'teacher', '2025-02-26 15:13:49'),
('1000033', 'Gabriel', 'Espino', 'Domingo', 'gabriel.domingo@example.com', '$2y$10$OYPHn9GfIS9Kt1SP3Thcsu/0Gnd07bt8PKuZ62fXUQJh/s8kJlJlm', 'teacher', '2025-02-26 15:13:49'),
('1000034', 'Aurora', 'Martinez', 'Del Rosario', 'aurora.rosario@example.com', '$2y$10$F6lmU3OYuxmCgE4sE/91luJwnD.QVZgeNwBLT3h0Wcl7WBW5fRKn2', 'teacher', '2025-02-26 15:13:49'),
('1000035', 'Leonardo', 'De Los', 'Reyes', 'leonardo.reyes@example.com', '$2y$10$CE6ZP6YyYjXL7uvwhykZt.F9UcnMJUXz.EuMZAsjKPswD84NnCmjy', 'teacher', '2025-02-26 15:13:49'),
('1000036', 'Veronica', 'Lazaro', 'Mendoza', 'veronica.mendoza@example.com', '$2y$10$DZG1V6PbwMo2xdWvMmjzU./0c/RzJg4J6DcyN2ztdH2y8oRW7PkSG', 'teacher', '2025-02-26 15:13:49'),
('1000037', 'Samuel', 'Villanueva', 'Pascual', 'samuel.pascual@example.com', '$2y$10$BKwJmfC2wZ1s5c2xl/LeXOZK9oChVsTvoNLjKOkeG2XZJ4Vj1J6E6', 'teacher', '2025-02-26 15:13:49'),
('1000038', 'Marlene', 'Gutierrez', 'De Vera', 'marlene.vera@example.com', '$2y$10$FPgR1MzH21N4YaMkgUOJ0uRH2pxoEBmA2hgyf6qXibzZjjQ7xUFSO', 'teacher', '2025-02-26 15:13:49'),
('1000039', 'Roberto', 'Bautista', 'De Leon', 'roberto.deleon@example.com', '$2y$10$MVfHg16RtvlipZ5GsyQZueH.DHLZ6NPRBgxuyj3HzA4oO7lyFzqlm', 'teacher', '2025-02-26 15:13:49'),
('1000040', 'Isabel', 'Ramos', 'Salvador', 'isabel.salvador@example.com', '$2y$10$UlmizCjcpsbNYFlnw2/CFehUgGJb1RNUJYdFEkL5pyc2H0AhtYYTu', 'teacher', '2025-02-26 15:13:49'),
('2029803', 'Alex', NULL, 'Rivera', NULL, NULL, 'teacher', '2025-02-27 02:03:21'),
('3286317', 'Jamie', NULL, 'Lopez', NULL, NULL, 'teacher', '2025-02-27 02:03:21'),
('3527366', 'Alexis', NULL, 'Cruz', NULL, NULL, 'teacher', '2025-02-27 02:04:31'),
('7166651', 'Jaime', NULL, 'Reyes', NULL, NULL, 'teacher', '2025-02-27 02:04:31'),
('8364721', 'Benedict Mikee', NULL, 'Solon', 'ven.squimay@gmail.com', '$2y$10$n/o.C8Ey5MpOdBGsrpWSeO.5pcZLLjy6n1XqSD7IEsMdOzrbujnE6', 'admin', '2025-02-17 14:59:24');

-- --------------------------------------------------------

--
-- Table structure for table `teacher_advisory`
--

CREATE TABLE `teacher_advisory` (
  `AdvisoryID` int(11) NOT NULL,
  `TeacherID` char(7) NOT NULL,
  `SectionID` int(11) NOT NULL,
  `GradeLevel` int(11) NOT NULL
) ENGINE=InnoDB DEFAULT CHARSET=utf8mb4 COLLATE=utf8mb4_general_ci;

--
-- Dumping data for table `teacher_advisory`
--

INSERT INTO `teacher_advisory` (`AdvisoryID`, `TeacherID`, `SectionID`, `GradeLevel`) VALUES
(1, '8364721', 40, 12),
(2, '1000002', 35, 12),
(3, '1000003', 19, 11),
(4, '1000001', 41, 12),
(5, '1000004', 1, 11),
(6, '1000005', 25, 12);

-- --------------------------------------------------------

--
-- Table structure for table `teacher_subjects`
--

CREATE TABLE `teacher_subjects` (
  `TeacherSubjectID` int(11) NOT NULL,
  `TeacherID` char(7) NOT NULL,
  `SubjectID` int(11) NOT NULL,
  `SectionID` int(11) NOT NULL,
  `Grade` enum('11','12') NOT NULL
) ENGINE=InnoDB DEFAULT CHARSET=utf8mb4 COLLATE=utf8mb4_general_ci;

--
-- Dumping data for table `teacher_subjects`
--

INSERT INTO `teacher_subjects` (`TeacherSubjectID`, `TeacherID`, `SubjectID`, `SectionID`, `Grade`) VALUES
(1, '8364721', 16, 40, '12'),
(2, '1000001', 17, 41, '11'),
(3, '1000002', 16, 40, '11'),
(4, '1000003', 17, 41, '11'),
(5, '1000004', 1, 40, '11'),
(6, '1000004', 7, 40, '11'),
(7, '1000005', 3, 40, '11'),
(8, '1000005', 9, 40, '11'),
(9, '1000006', 4, 40, '11'),
(10, '1000006', 10, 40, '11'),
(11, '1000007', 11, 40, '11'),
(12, '1000007', 20, 40, '11'),
(13, '1000008', 2, 40, '11'),
(14, '1000008', 8, 40, '11'),
(15, '1000009', 6, 40, '11'),
(16, '1000010', 22, 40, '11'),
(17, '1000011', 32, 40, '11'),
(18, '1000012', 33, 40, '12'),
(19, '1000013', 29, 40, '12'),
(20, '1000014', 13, 40, '12'),
(21, '1000015', 54, 40, '12'),
(22, '1000016', 26, 40, '12'),
(23, '1000012', 30, 40, '12'),
(24, '1000017', 14, 40, '12'),
(25, '1000017', 12, 40, '12'),
(26, '1000030', 38, 41, '12'),
(27, '1000013', 28, 35, '12'),
(28, '1000021', 20, 25, '11'),
(29, '1000013', 19, 35, '11'),
(30, '1000011', 45, 1, '12'),
(31, '1000024', 36, 40, '11'),
(32, '1000025', 34, 1, '12'),
(33, '1000028', 53, 1, '12'),
(34, '1000034', 26, 19, '12'),
(35, '1000003', 50, 35, '12'),
(36, '1000010', 46, 1, '12'),
(37, '1000017', 41, 1, '11'),
(38, '1000010', 34, 1, '12'),
(39, '1000024', 53, 1, '12'),
(40, '1000034', 30, 41, '12'),
(41, '1000013', 28, 1, '12'),
(42, '1000004', 26, 25, '12'),
(43, '1000028', 49, 35, '12'),
(44, '1000020', 45, 1, '12'),
(45, '1000004', 36, 41, '11'),
(46, '1000012', 26, 25, '12'),
(47, '1000032', 35, 25, '11'),
(48, '1000038', 48, 1, '12'),
(49, '1000022', 32, 19, '11'),
(50, '1000022', 32, 41, '11'),
(51, '1000038', 32, 25, '11'),
(52, '1000007', 43, 1, '11'),
(54, '1000036', 37, 19, '12'),
(55, '1000013', 52, 35, '12'),
(56, '1000027', 39, 41, '12'),
(57, '1000035', 39, 25, '12'),
(58, '1000026', 39, 25, '12'),
(59, '1000028', 48, 1, '12'),
(60, '1000003', 34, 1, '12'),
(61, '1000039', 39, 41, '12'),
(62, '1000035', 54, 41, '12'),
(63, '1000005', 43, 35, '11'),
(64, '1000032', 33, 25, '12'),
(65, '1000021', 47, 1, '12'),
(66, '1000030', 51, 1, '12'),
(67, '1000008', 20, 19, '11'),
(68, '1000004', 43, 35, '11'),
(69, '1000035', 22, 25, '11'),
(70, '1000032', 42, 1, '11'),
(71, '1000008', 52, 1, '12'),
(72, '1000016', 42, 1, '11'),
(74, '1000009', 47, 35, '12'),
(75, '1000032', 29, 25, '12'),
(76, '1000038', 36, 25, '11'),
(77, '1000034', 31, 1, '11'),
(78, '1000009', 39, 25, '12'),
(79, '1000007', 29, 25, '12'),
(80, '1000019', 39, 25, '12'),
(81, '1000020', 39, 41, '12'),
(82, '1000001', 41, 1, '11'),
(83, '1000002', 49, 35, '12'),
(84, '1000024', 29, 19, '12'),
(85, '1000003', 43, 35, '11'),
(86, '1000031', 39, 41, '12'),
(87, '1000034', 34, 35, '12'),
(88, '1000026', 50, 35, '12'),
(89, '1000011', 47, 35, '12'),
(90, '1000038', 38, 40, '12'),
(91, '1000003', 19, 35, '11'),
(92, '1000006', 43, 35, '11'),
(93, '1000029', 28, 35, '12'),
(94, '1000033', 36, 41, '11'),
(95, '1000035', 38, 40, '12'),
(97, '1000034', 22, 41, '11'),
(98, '1000027', 20, 19, '11'),
(99, '1000025', 29, 25, '12'),
(100, '1000024', 48, 1, '12'),
(101, '1000002', 29, 41, '12'),
(102, '1000035', 39, 40, '12'),
(103, '1000034', 37, 41, '12'),
(104, '1000028', 42, 1, '11'),
(105, '1000005', 37, 19, '12'),
(106, '1000028', 37, 19, '12'),
(107, '1000040', 29, 25, '12'),
(108, '1000038', 53, 1, '12'),
(109, '1000017', 35, 25, '11'),
(153, '1000037', 15, 31, '11'),
(154, '1000037', 15, 32, '11'),
(155, '1000037', 15, 33, '11'),
(156, '1000037', 15, 34, '11'),
(157, '1000037', 15, 35, '11'),
(158, '1000037', 15, 36, '11'),
(159, '1000037', 15, 37, '11'),
(160, '1000037', 15, 16, '11'),
(161, '1000037', 15, 17, '11'),
(162, '1000037', 15, 18, '11'),
(163, '1000037', 15, 19, '11'),
(164, '1000037', 15, 20, '11'),
(165, '1000037', 15, 21, '11'),
(166, '1000037', 15, 22, '11'),
(167, '1000037', 15, 23, '11'),
(168, '1000037', 15, 24, '11'),
(169, '1000037', 15, 25, '11'),
(170, '1000037', 15, 1, '11'),
(171, '1000037', 15, 2, '11'),
(172, '1000037', 15, 3, '11'),
(173, '1000037', 15, 4, '11'),
(174, '1000037', 15, 5, '11'),
(175, '1000037', 15, 6, '11'),
(176, '1000037', 15, 7, '11'),
(177, '1000037', 15, 8, '11'),
(178, '1000037', 15, 9, '11'),
(179, '1000037', 15, 10, '11'),
(180, '1000037', 15, 38, '11'),
(181, '1000037', 15, 39, '11'),
(182, '1000037', 15, 40, '11'),
(183, '1000037', 15, 41, '11'),
(184, '1000037', 15, 42, '11'),
(216, '7166651', 5, 40, '11'),
(217, '3527366', 5, 40, '12'),
(218, '7166651', 5, 31, '11'),
(219, '7166651', 5, 32, '11'),
(220, '7166651', 5, 33, '11'),
(221, '7166651', 5, 34, '11'),
(222, '7166651', 5, 35, '11'),
(223, '7166651', 5, 36, '11'),
(224, '7166651', 5, 37, '11'),
(225, '7166651', 5, 16, '11'),
(226, '7166651', 5, 17, '11'),
(227, '7166651', 5, 18, '11'),
(228, '7166651', 5, 19, '11'),
(229, '7166651', 5, 20, '11'),
(230, '7166651', 5, 21, '11'),
(231, '7166651', 5, 22, '11'),
(232, '7166651', 5, 23, '11'),
(233, '7166651', 5, 24, '11'),
(234, '7166651', 5, 25, '11'),
(235, '7166651', 5, 1, '11'),
(236, '7166651', 5, 2, '11'),
(237, '7166651', 5, 3, '11'),
(238, '7166651', 5, 4, '11'),
(239, '7166651', 5, 5, '11'),
(240, '7166651', 5, 6, '11'),
(241, '7166651', 5, 7, '11'),
(242, '7166651', 5, 8, '11'),
(243, '7166651', 5, 9, '11'),
(244, '7166651', 5, 10, '11'),
(245, '7166651', 5, 38, '11'),
(246, '7166651', 5, 39, '11'),
(247, '7166651', 5, 41, '11'),
(248, '7166651', 5, 42, '11'),
(249, '3527366', 5, 31, '12'),
(250, '3527366', 5, 32, '12'),
(251, '3527366', 5, 33, '12'),
(252, '3527366', 5, 34, '12'),
(253, '3527366', 5, 35, '12'),
(254, '3527366', 5, 36, '12'),
(255, '3527366', 5, 37, '12'),
(256, '3527366', 5, 16, '12'),
(257, '3527366', 5, 17, '12'),
(258, '3527366', 5, 18, '12'),
(259, '3527366', 5, 19, '12'),
(260, '3527366', 5, 20, '12'),
(261, '3527366', 5, 21, '12'),
(262, '3527366', 5, 22, '12'),
(263, '3527366', 5, 23, '12'),
(264, '3527366', 5, 24, '12'),
(265, '3527366', 5, 25, '12'),
(266, '3527366', 5, 1, '12'),
(267, '3527366', 5, 2, '12'),
(268, '3527366', 5, 3, '12'),
(269, '3527366', 5, 4, '12'),
(270, '3527366', 5, 5, '12'),
(271, '3527366', 5, 6, '12'),
(272, '3527366', 5, 7, '12'),
(273, '3527366', 5, 8, '12'),
(274, '3527366', 5, 9, '12'),
(275, '3527366', 5, 10, '12'),
(276, '3527366', 5, 38, '12'),
(277, '3527366', 5, 39, '12'),
(278, '3527366', 5, 41, '12'),
(279, '3527366', 5, 42, '12');

--
-- Indexes for dumped tables
--

--
-- Indexes for table `grades`
--
ALTER TABLE `grades`
  ADD PRIMARY KEY (`GradeID`),
  ADD KEY `fk_grades_LRN` (`LRN`),
  ADD KEY `fk_grades_TeacherID` (`TeacherID`),
  ADD KEY `fk_grades_SubjectID` (`SubjectID`),
  ADD KEY `fk_grades_schoolyear` (`SchoolYear`);

--
-- Indexes for table `information`
--
ALTER TABLE `information`
  ADD PRIMARY KEY (`LRN`),
  ADD KEY `fk_information_section` (`SectionID`),
  ADD KEY `fk_info_schoolyear` (`SchoolYear`);

--
-- Indexes for table `SchoolYear`
--
ALTER TABLE `SchoolYear`
  ADD PRIMARY KEY (`SchoolYear`),
  ADD UNIQUE KEY `unique_schoolyear` (`SchoolYear`);

--
-- Indexes for table `sections`
--
ALTER TABLE `sections`
  ADD PRIMARY KEY (`SectionID`),
  ADD UNIQUE KEY `SectionName` (`SectionName`),
  ADD KEY `fk_sections_strand` (`StrandName`);

--
-- Indexes for table `strands`
--
ALTER TABLE `strands`
  ADD PRIMARY KEY (`StrandID`),
  ADD UNIQUE KEY `UNIQUE` (`StrandName`);

--
-- Indexes for table `subject`
--
ALTER TABLE `subject`
  ADD PRIMARY KEY (`SubjectID`);

--
-- Indexes for table `teachers`
--
ALTER TABLE `teachers`
  ADD PRIMARY KEY (`TeacherID`),
  ADD UNIQUE KEY `Email` (`Email`);

--
-- Indexes for table `teacher_advisory`
--
ALTER TABLE `teacher_advisory`
  ADD PRIMARY KEY (`AdvisoryID`),
  ADD UNIQUE KEY `TeacherID` (`TeacherID`,`SectionID`),
  ADD KEY `fk_advisory_section` (`SectionID`);

--
-- Indexes for table `teacher_subjects`
--
ALTER TABLE `teacher_subjects`
  ADD PRIMARY KEY (`TeacherSubjectID`),
  ADD UNIQUE KEY `TeacherID` (`TeacherID`,`SubjectID`,`SectionID`),
  ADD KEY `fk_teacher_subject` (`SubjectID`),
  ADD KEY `fk_teacher_subject_section` (`SectionID`);

--
-- AUTO_INCREMENT for dumped tables
--

--
-- AUTO_INCREMENT for table `grades`
--
ALTER TABLE `grades`
  MODIFY `GradeID` int(11) NOT NULL AUTO_INCREMENT, AUTO_INCREMENT=1716;

--
-- AUTO_INCREMENT for table `sections`
--
ALTER TABLE `sections`
  MODIFY `SectionID` int(11) NOT NULL AUTO_INCREMENT, AUTO_INCREMENT=47;

--
-- AUTO_INCREMENT for table `strands`
--
ALTER TABLE `strands`
  MODIFY `StrandID` int(11) NOT NULL AUTO_INCREMENT, AUTO_INCREMENT=7;

--
-- AUTO_INCREMENT for table `subject`
--
ALTER TABLE `subject`
  MODIFY `SubjectID` int(11) NOT NULL AUTO_INCREMENT, AUTO_INCREMENT=55;

--
-- AUTO_INCREMENT for table `teacher_advisory`
--
ALTER TABLE `teacher_advisory`
  MODIFY `AdvisoryID` int(11) NOT NULL AUTO_INCREMENT, AUTO_INCREMENT=7;

--
-- AUTO_INCREMENT for table `teacher_subjects`
--
ALTER TABLE `teacher_subjects`
  MODIFY `TeacherSubjectID` int(11) NOT NULL AUTO_INCREMENT, AUTO_INCREMENT=111112;

--
-- Constraints for dumped tables
--

--
-- Constraints for table `grades`
--
ALTER TABLE `grades`
  ADD CONSTRAINT `fk_grades_LRN` FOREIGN KEY (`LRN`) REFERENCES `information` (`LRN`) ON DELETE CASCADE,
  ADD CONSTRAINT `fk_grades_SubjectID` FOREIGN KEY (`SubjectID`) REFERENCES `subject` (`SubjectID`) ON DELETE CASCADE,
  ADD CONSTRAINT `fk_grades_TeacherID` FOREIGN KEY (`TeacherID`) REFERENCES `teachers` (`TeacherID`),
  ADD CONSTRAINT `fk_grades_schoolyear` FOREIGN KEY (`SchoolYear`) REFERENCES `SchoolYear` (`SchoolYear`) ON UPDATE CASCADE;

--
-- Constraints for table `information`
--
ALTER TABLE `information`
  ADD CONSTRAINT `fk_info_schoolyear` FOREIGN KEY (`SchoolYear`) REFERENCES `SchoolYear` (`SchoolYear`),
  ADD CONSTRAINT `fk_information_section` FOREIGN KEY (`SectionID`) REFERENCES `sections` (`SectionID`) ON DELETE CASCADE;

--
-- Constraints for table `sections`
--
ALTER TABLE `sections`
  ADD CONSTRAINT `fk_sections_strand` FOREIGN KEY (`StrandName`) REFERENCES `strands` (`StrandName`) ON DELETE CASCADE;

--
-- Constraints for table `teacher_advisory`
--
ALTER TABLE `teacher_advisory`
  ADD CONSTRAINT `fk_advisory_section` FOREIGN KEY (`SectionID`) REFERENCES `sections` (`SectionID`) ON DELETE CASCADE,
  ADD CONSTRAINT `fk_advisory_teacher` FOREIGN KEY (`TeacherID`) REFERENCES `teachers` (`TeacherID`) ON DELETE CASCADE;

--
-- Constraints for table `teacher_subjects`
--
ALTER TABLE `teacher_subjects`
  ADD CONSTRAINT `fk_teacher_subject` FOREIGN KEY (`SubjectID`) REFERENCES `subject` (`SubjectID`) ON DELETE CASCADE,
  ADD CONSTRAINT `fk_teacher_subject_section` FOREIGN KEY (`SectionID`) REFERENCES `sections` (`SectionID`) ON DELETE CASCADE,
  ADD CONSTRAINT `fk_teacher_subject_teacher` FOREIGN KEY (`TeacherID`) REFERENCES `teachers` (`TeacherID`) ON DELETE CASCADE;
COMMIT;

/*!40101 SET CHARACTER_SET_CLIENT=@OLD_CHARACTER_SET_CLIENT */;
/*!40101 SET CHARACTER_SET_RESULTS=@OLD_CHARACTER_SET_RESULTS */;
/*!40101 SET COLLATION_CONNECTION=@OLD_COLLATION_CONNECTION */;
